,new_date,flat_type,district,range_numeric,floor_area_sqm,lease_commence_date,resale_price,predictions,differences,percentage_error
0,2025.0833333333333,2 ROOM,North-East,11.0,44.0,1978,318000.0,321172.40982375236,-3172.4098237523576,0.997613152123383
1,2025.0833333333333,3 ROOM,North-East,14.0,70.0,2012,650000.0,563603.2624738608,86396.73752613924,13.291805773252191
2,2025.0833333333333,3 ROOM,North-East,11.0,68.0,1981,410000.0,426886.446112164,-16886.446112164005,4.118645393210732
3,2025.0833333333333,3 ROOM,North-East,5.0,73.0,1977,448000.0,443268.3714865161,4731.628513483913,1.0561670789026592
4,2025.0833333333333,3 ROOM,North-East,14.0,68.0,1980,415000.0,417818.15070444194,-2818.1507044419413,0.6790724589016726
5,2025.0833333333333,3 ROOM,North-East,8.0,82.0,1979,520000.0,473803.5786766381,46196.42132336192,8.8839271775696
6,2025.0833333333333,3 ROOM,North-East,11.0,68.0,1980,412888.0,421490.44761134224,-8602.447611342242,2.083482109274729
7,2025.0833333333333,3 ROOM,North-East,8.0,75.0,1980,440000.0,427716.31546910736,12283.684530892642,2.7917464842937822
8,2025.0833333333333,3 ROOM,North-East,8.0,82.0,1979,478000.0,473803.5786766381,4196.421323361923,0.8779124107451722
9,2025.0833333333333,3 ROOM,North-East,11.0,74.0,1979,438888.0,438548.18658075307,339.8134192469297,0.07742599917221014
10,2025.0833333333333,3 ROOM,North-East,11.0,82.0,1979,490888.0,480096.66913344426,10791.330866555742,2.1983285121159493
11,2025.0833333333333,3 ROOM,North-East,8.0,67.0,1984,425000.0,442555.6268609308,-17555.626860930817,4.130735731983721
12,2025.0833333333333,3 ROOM,North-East,8.0,82.0,1978,480000.0,476037.6356082441,3962.3643917558948,0.8254925816158115
13,2025.0833333333333,3 ROOM,North-East,2.0,67.0,1978,420000.0,391054.41043055395,28945.58956944605,6.891807040344297
14,2025.0833333333333,3 ROOM,North-East,2.0,67.0,1978,472000.0,391054.41043055395,80945.58956944605,17.149489315560604
15,2025.0833333333333,3 ROOM,North-East,5.0,82.0,1979,520000.0,476160.66147095105,43839.33852904895,8.430642024817105
16,2025.0833333333333,3 ROOM,North-East,5.0,68.0,1980,418000.0,416477.0982065309,1522.9017934690928,0.3643305726002614
17,2025.0833333333333,3 ROOM,North-East,5.0,89.0,1978,475000.0,507820.6673752386,-32820.66737523861,6.909614184260761
18,2025.0833333333333,3 ROOM,North-East,8.0,67.0,1978,450000.0,414876.03431434056,35123.96568565944,7.80532570792432
19,2025.0833333333333,3 ROOM,North-East,5.0,68.0,1981,388000.0,423048.1449645861,-35048.14496458613,9.033027052728384
20,2025.0833333333333,3 ROOM,North-East,8.0,67.0,1980,405000.0,411123.1879574054,-6123.187957405404,1.511898261087754
21,2025.0833333333333,3 ROOM,North-East,8.0,82.0,1980,480000.0,469933.04742328136,10066.952576718642,2.0972817868163838
22,2025.0833333333333,3 ROOM,North-East,8.0,81.0,1980,453000.0,464808.8458844755,-11808.845884475508,2.606809246021083
23,2025.0833333333333,3 ROOM,North-East,2.0,68.0,1981,380000.0,398355.3358234249,-18355.335823424917,4.8303515324802415
24,2025.0833333333333,3 ROOM,North-East,11.0,68.0,1980,452000.0,421490.44761134224,30509.552388657758,6.749900970941981
25,2025.0833333333333,4 ROOM,North-East,14.0,91.0,1982,582000.0,563656.5908634124,18343.409136587637,3.1517885114411746
26,2025.0833333333333,4 ROOM,North-East,2.0,92.0,1981,533000.0,526547.8986761365,6452.101323863491,1.2105255767098482
27,2025.0833333333333,4 ROOM,North-East,8.0,92.0,1978,555000.0,558603.2156176609,-3603.2156176608987,0.64922803921818
28,2025.0833333333333,4 ROOM,North-East,8.0,91.0,1980,518888.0,547555.6866699724,-28667.686669972376,5.524831306557942
29,2025.0833333333333,4 ROOM,North-East,8.0,93.0,2019,985000.0,696467.8476409847,288532.1523590153,29.292604300407643
30,2025.0833333333333,4 ROOM,North-East,11.0,91.0,2002,840000.0,645605.0382959067,194394.96170409326,23.14225734572539
31,2025.0833333333333,5 ROOM,North-East,5.0,135.0,1982,910000.0,846060.3156927365,63939.684307263466,7.026338934864117
32,2025.0833333333333,EXECUTIVE,North-East,8.0,149.0,1996,1100000.0,972584.8240946673,127415.17590533267,11.583197809575697
33,2025.0833333333333,3 ROOM,East,8.0,67.0,1979,419000.0,416262.25792843546,2737.742071564542,0.6533990624259051
34,2025.0833333333333,3 ROOM,East,11.0,67.0,1979,420000.0,423834.8164456154,-3834.8164456153754,0.9130515346703274
35,2025.0833333333333,3 ROOM,East,11.0,82.0,1977,432000.0,469480.96532939974,-37480.96532939974,8.676149381805494
36,2025.0833333333333,3 ROOM,East,8.0,67.0,1978,425000.0,411281.1700470052,13718.829952994827,3.2279599889399595
37,2025.0833333333333,3 ROOM,East,5.0,68.0,1980,428888.0,418992.4723916326,9895.527608367382,2.307252151696336
38,2025.0833333333333,3 ROOM,East,5.0,70.0,1978,440000.0,414267.44389039086,25732.55610960914,5.84830820672935
39,2025.0833333333333,3 ROOM,East,8.0,64.0,1988,490000.0,441895.17937178584,48104.82062821416,9.817310332288605
40,2025.0833333333333,3 ROOM,East,11.0,65.0,1976,440000.0,424301.4529683759,15698.547031624126,3.567851598096392
41,2025.0833333333333,3 ROOM,East,11.0,73.0,1974,410000.0,444302.5172132576,-34302.51721325761,8.366467612989661
42,2025.0833333333333,3 ROOM,East,11.0,65.0,1977,418000.0,407486.6408759315,10513.35912406852,2.515157685183856
43,2025.0833333333333,4 ROOM,East,2.0,92.0,2005,688000.0,684321.7598998717,3678.2401001283433,0.5346279215302825
44,2025.0833333333333,4 ROOM,East,11.0,91.0,1978,490000.0,538226.8277944161,-48226.82779441611,9.84220975396247
45,2025.0833333333333,4 ROOM,East,5.0,95.0,1980,512000.0,534570.6880796178,-22570.6880796178,4.408337515550352
46,2025.0833333333333,4 ROOM,East,8.0,95.0,1980,520000.0,540633.7207456304,-20633.720745630446,3.968023220313547
47,2025.0833333333333,4 ROOM,East,2.0,97.0,1985,590000.0,568322.2397631027,21677.760236897273,3.674196650321572
48,2025.0833333333333,4 ROOM,East,5.0,93.0,1985,565000.0,567220.1415631196,-2220.1415631195996,0.39294540940169903
49,2025.0833333333333,4 ROOM,East,11.0,91.0,1981,590000.0,550601.920954449,39398.079045551014,6.677640516195087
50,2025.0833333333333,4 ROOM,East,5.0,84.0,1977,475000.0,479174.53742423106,-4174.5374242310645,0.8788499840486451
51,2025.0833333333333,5 ROOM,East,8.0,117.0,1978,625000.0,641194.8070047603,-16194.807004760252,2.5911691207616405
52,2025.0833333333333,5 ROOM,East,11.0,117.0,1975,700000.0,768932.835037047,-68932.83503704704,9.847547862435292
53,2025.0833333333333,5 ROOM,East,5.0,128.0,1993,830000.0,735329.3165444338,94670.68345556618,11.40610644042966
54,2025.0833333333333,3 ROOM,Central,8.0,67.0,1984,558000.0,471793.8063558009,86206.19364419911,15.449138645913822
55,2025.0833333333333,3 ROOM,Central,8.0,68.0,1973,340000.0,394263.12076225225,-54263.12076225225,15.959741400662425
56,2025.0833333333333,4 ROOM,Central,8.0,84.0,1986,680000.0,627429.9432836515,52570.05671634851,7.730890693580664
57,2025.0833333333333,4 ROOM,Central,11.0,107.0,1992,840888.0,812865.7344182926,28022.265581707354,3.332461110362778
58,2025.0833333333333,4 ROOM,Central,17.0,116.0,1992,950000.0,913454.5542174065,36545.44578259345,3.8468890297466793
59,2025.0833333333333,4 ROOM,Central,2.0,105.0,1992,761000.0,741213.5246823689,19786.47531763115,2.600062459609875
60,2025.0833333333333,4 ROOM,Central,8.0,88.0,1974,495000.0,556706.1676533113,-61706.16765331128,12.465892455214398
61,2025.0833333333333,5 ROOM,Central,5.0,121.0,1986,1035000.0,850852.7353154643,184147.26468453568,17.792006249713594
62,2025.0833333333333,5 ROOM,Central,23.0,121.0,1998,1068888.0,1080248.7730848796,-11360.77308487962,1.0628590726885905
63,2025.0833333333333,5 ROOM,Central,2.0,120.0,1986,858888.0,813469.5692940778,45418.43070592219,5.288050444984933
64,2025.0833333333333,2 ROOM,West,2.0,47.0,2019,355000.0,329191.92224873323,25808.07775126677,7.269881056694865
65,2025.0833333333333,2 ROOM,West,2.0,48.0,2020,358000.0,347412.4667327,10587.533267299994,2.957411527178769
66,2025.0833333333333,3 ROOM,West,2.0,67.0,1985,395000.0,388848.918152267,6151.081847733003,1.557235910818482
67,2025.0833333333333,3 ROOM,West,2.0,64.0,1987,380000.0,384699.06452285626,-4699.064522856264,1.236595927067438
68,2025.0833333333333,3 ROOM,West,2.0,73.0,1985,418000.0,404204.55254570296,13795.447454297042,3.3003462809323065
69,2025.0833333333333,3 ROOM,West,5.0,82.0,1985,430000.0,450986.9584559301,-20986.958455930115,4.880688013007004
70,2025.0833333333333,3 ROOM,West,2.0,73.0,1987,410000.0,407035.02837074804,2964.971629251959,0.7231638120126729
71,2025.0833333333333,3 ROOM,West,5.0,73.0,1985,423888.0,408395.4117105504,15492.588289449573,3.6548777718287786
72,2025.0833333333333,3 ROOM,West,2.0,73.0,1984,412000.0,405768.32508472994,6231.674915270065,1.5125424551626372
73,2025.0833333333333,3 ROOM,West,2.0,67.0,2019,460000.0,462544.2273331627,-2544.2273331626784,0.5530928985136258
74,2025.0833333333333,3 ROOM,West,2.0,67.0,2019,450000.0,462544.2273331627,-12544.227333162678,2.787606074036151
75,2025.0833333333333,3 ROOM,West,5.0,74.0,1984,430000.0,415590.7550096268,14409.244990373205,3.350987207063536
76,2025.0833333333333,4 ROOM,West,2.0,88.0,1988,458888.0,477841.0878140598,-18953.087814059807,4.130220841264057
77,2025.0833333333333,4 ROOM,West,5.0,99.0,1986,515000.0,517774.1887973237,-2774.1887973236735,0.5386774363735288
78,2025.0833333333333,4 ROOM,West,8.0,104.0,1983,590000.0,545501.4696106378,44498.53038936225,7.542123794807161
79,2025.0833333333333,4 ROOM,West,11.0,104.0,1983,603888.0,551735.1037041646,52152.89629583538,8.636186891581781
80,2025.0833333333333,4 ROOM,West,5.0,92.0,1998,540000.0,521237.58900890115,18762.410991098848,3.474520553907194
81,2025.0833333333333,4 ROOM,West,2.0,84.0,1985,495000.0,461850.2318787276,33149.768121272384,6.6969228527823
82,2025.0833333333333,4 ROOM,West,5.0,103.0,1987,540000.0,520002.49949415325,19997.50050584675,3.7032408344160648
83,2025.0833333333333,4 ROOM,West,26.0,90.0,2005,598000.0,628997.7734511108,-30997.773451110814,5.183574155704149
84,2025.0833333333333,4 ROOM,West,5.0,92.0,2019,650000.0,614952.1574849314,35047.842515068594,5.391975771549014
85,2025.0833333333333,4 ROOM,West,2.0,92.0,2019,580000.0,589500.4473052814,-9500.447305281414,1.6380081560830022
86,2025.0833333333333,4 ROOM,West,2.0,93.0,2019,610000.0,592465.5295788391,17534.47042116092,2.8745033477312982
87,2025.0833333333333,4 ROOM,West,8.0,92.0,2019,668000.0,639751.4028478875,28248.597152112518,4.22883190899888
88,2025.0833333333333,4 ROOM,West,8.0,92.0,2019,650000.0,639751.4028478875,10248.597152112518,1.5767072541711564
89,2025.0833333333333,4 ROOM,West,5.0,93.0,2020,630000.0,617534.9191213523,12465.080878647743,1.9785842664520226
90,2025.0833333333333,4 ROOM,West,2.0,93.0,2019,595000.0,592465.5295788391,2534.4704211609205,0.4259614153211631
91,2025.0833333333333,5 ROOM,West,14.0,113.0,2019,875000.0,861779.9442930012,13220.055706998799,1.5108635093712912
92,2025.0833333333333,5 ROOM,West,32.0,115.0,2018,950000.0,901908.112237514,48091.887762486,5.062303974998527
93,2025.0833333333333,5 ROOM,West,2.0,130.0,1986,745000.0,584094.7431899299,160905.25681007013,21.59802104833156
94,2025.0833333333333,5 ROOM,West,11.0,118.0,2004,740888.0,720400.8180221447,20487.181977855274,2.7652198413060103
95,2025.0833333333333,5 ROOM,West,11.0,118.0,2004,720000.0,720400.8180221447,-400.81802214472555,0.05566916974232299
96,2025.0833333333333,5 ROOM,West,14.0,115.0,2019,868888.0,853188.739191569,15699.260808430961,1.8068221460569096
97,2025.0833333333333,5 ROOM,West,11.0,114.0,2019,835000.0,827282.8298253173,7717.170174682746,0.9242119969679935
98,2025.0833333333333,5 ROOM,West,5.0,112.0,2019,805000.0,753875.320799062,51124.67920093797,6.350891826203475
99,2025.0833333333333,EXECUTIVE,West,2.0,148.0,1985,920000.0,740003.1597902528,179996.8402097472,19.564873935842087
100,2025.0833333333333,2 ROOM,Central,11.0,47.0,1967,300000.0,299229.07398250327,770.9260174967349,0.2569753391655783
101,2025.0833333333333,2 ROOM,Central,5.0,43.0,1970,270000.0,276749.8898810692,-6749.88988106919,2.499959215210811
102,2025.0833333333333,3 ROOM,Central,5.0,72.0,1983,432000.0,503549.65809168015,-71549.65809168015,16.56242085455559
103,2025.0833333333333,3 ROOM,Central,11.0,65.0,1975,360000.0,431443.76536635216,-71443.76536635216,19.84549037954227
104,2025.0833333333333,3 ROOM,Central,26.0,68.0,2019,780000.0,767158.5459602592,12841.454039740842,1.6463402615052363
105,2025.0833333333333,3 ROOM,Central,5.0,56.0,1971,320000.0,329604.82700080157,-9604.827000801568,3.00150843775049
106,2025.0833333333333,3 ROOM,Central,14.0,63.0,1975,390000.0,410512.47527120344,-20512.47527120344,5.259609043898317
107,2025.0833333333333,3 ROOM,Central,17.0,60.0,2008,730000.0,699342.3551272239,30657.644872776116,4.199677379832345
108,2025.0833333333333,3 ROOM,Central,11.0,65.0,1975,378888.0,431443.76536635216,-52555.76536635216,13.871055659285108
109,2025.0833333333333,3 ROOM,Central,5.0,67.0,1978,425000.0,419193.7320312604,5806.267968739616,1.3661806985269684
110,2025.0833333333333,3 ROOM,Central,2.0,68.0,2018,660000.0,657471.8736691554,2528.1263308445923,0.38304944406736247
111,2025.0833333333333,3 ROOM,Central,17.0,68.0,2018,738000.0,755449.2071284192,-17449.20712841919,2.3643912098128985
112,2025.0833333333333,4 ROOM,Central,5.0,104.0,1984,660000.0,718433.7114912763,-58433.71149127628,8.853592650193375
113,2025.0833333333333,4 ROOM,Central,5.0,90.0,2002,915000.0,831700.069898695,83299.93010130501,9.103817497410384
114,2025.0833333333333,4 ROOM,Central,5.0,91.0,1985,770000.0,662847.1670479504,107152.83295204956,13.915952331435008
115,2025.0833333333333,4 ROOM,Central,11.0,100.0,2006,775000.0,863941.3422052192,-88941.3422052192,11.476302220028284
116,2025.0833333333333,4 ROOM,Central,8.0,104.0,1984,690000.0,723455.5112651433,-33455.51126514329,4.848624821035259
117,2025.0833333333333,4 ROOM,Central,23.0,90.0,2003,988000.0,938067.0033089446,49932.99669105536,5.053947033507628
118,2025.0833333333333,4 ROOM,Central,14.0,93.0,2013,990000.0,958624.1305347662,31375.869465233758,3.169279743963006
119,2025.0833333333333,5 ROOM,Central,29.0,115.0,2005,1333000.0,1140059.7976806771,192940.20231932285,14.474133707376058
120,2025.0833333333333,5 ROOM,Central,8.0,117.0,1977,688000.0,699823.4778604149,-11823.477860414889,1.7185287587812337
121,2025.0833333333333,5 ROOM,Central,5.0,157.0,1985,1100000.0,1046053.4776022139,53946.522397786146,4.90422930888965
122,2025.0833333333333,5 ROOM,Central,8.0,115.0,2001,1058000.0,1043128.375734011,14871.624265989056,1.4056355638931055
123,2025.0833333333333,5 ROOM,Central,17.0,117.0,1978,858000.0,888607.4160792981,-30607.416079298127,3.567297911340108
124,2025.0833333333333,5 ROOM,Central,17.0,121.0,1978,850000.0,886644.9646406887,-36644.96464068873,4.311172310669263
125,2025.0833333333333,3 ROOM,West,5.0,73.0,1988,460000.0,411617.2505480058,48382.7494519942,10.517989011303086
126,2025.0833333333333,3 ROOM,West,11.0,67.0,2015,500000.0,477966.91674988216,22033.083250117837,4.406616650023568
127,2025.0833333333333,4 ROOM,West,8.0,103.0,1986,540000.0,525311.8983115677,14688.101688432274,2.7200188311911617
128,2025.0833333333333,4 ROOM,West,11.0,83.0,1987,470000.0,490341.1707933139,-20341.170793313882,4.327908679428486
129,2025.0833333333333,4 ROOM,West,8.0,100.0,1998,570000.0,589379.0529389558,-19379.052938955836,3.39983384893962
130,2025.0833333333333,4 ROOM,West,23.0,91.0,2003,795000.0,639917.4714487729,155082.52855122706,19.50723629575183
131,2025.0833333333333,4 ROOM,West,2.0,84.0,1987,472000.0,460486.76415629184,11513.235843708157,2.4392448821415584
132,2025.0833333333333,4 ROOM,West,5.0,93.0,2012,600888.0,594856.8994416518,6031.100558348233,1.00369795342031
133,2025.0833333333333,4 ROOM,West,8.0,93.0,2015,608000.0,594780.5436624102,13219.45633758977,2.1742526871035808
134,2025.0833333333333,4 ROOM,West,5.0,92.0,2002,515000.0,514534.93627399544,465.06372600456234,0.09030363611739074
135,2025.0833333333333,4 ROOM,West,8.0,85.0,2002,518000.0,513622.2217569585,4377.778243041481,0.8451309349500928
136,2025.0833333333333,4 ROOM,West,2.0,95.0,2004,535000.0,517092.5477370898,17907.4522629102,3.3471873388617195
137,2025.0833333333333,5 ROOM,West,2.0,122.0,1998,688888.0,645646.5045563399,43241.49544366007,6.276999373433717
138,2025.0833333333333,5 ROOM,West,14.0,121.0,1998,660000.0,760094.4630339504,-100094.46303395042,15.165827732416732
139,2025.0833333333333,5 ROOM,West,8.0,121.0,1997,840000.0,699408.5452048646,140591.45479513542,16.737077951801833
140,2025.0833333333333,5 ROOM,West,8.0,112.0,2015,718000.0,702460.2241372718,15539.775862728246,2.164314187009505
141,2025.0833333333333,5 ROOM,West,14.0,110.0,2002,595000.0,630260.0437753734,-35260.04377537337,5.926057777373676
142,2025.0833333333333,5 ROOM,West,11.0,110.0,2001,645000.0,651893.8951863843,-6893.895186384325,1.0688209591293527
143,2025.0833333333333,EXECUTIVE,West,5.0,142.0,1989,820000.0,801520.5347833778,18479.465216622222,2.253593319100271
144,2025.0833333333333,EXECUTIVE,West,2.0,144.0,1987,820000.0,745690.1503666564,74309.84963334363,9.062176784554103
145,2025.0833333333333,4 ROOM,Central,11.0,104.0,1988,960000.0,789873.5035317158,170126.49646828417,17.721510048779603
146,2025.0833333333333,4 ROOM,Central,2.0,104.0,1988,750000.0,736536.3605496082,13463.639450391755,1.7951519267189007
147,2025.0833333333333,3 ROOM,Central,5.0,58.0,1974,400000.0,393644.6047182753,6355.39528172469,1.5888488204311726
148,2025.0833333333333,3 ROOM,Central,20.0,65.0,1975,480000.0,490453.18764057546,-10453.18764057546,2.1777474251198874
149,2025.0833333333333,4 ROOM,Central,5.0,94.0,2011,1150000.0,1017956.759520931,132043.24047906895,11.482020911223387
150,2025.0833333333333,3 ROOM,West,5.0,74.0,1984,415888.0,415590.7550096268,297.2449903732049,0.07147236524574042
151,2025.0833333333333,3 ROOM,West,11.0,73.0,1989,420000.0,417882.1836654471,2117.8163345528883,0.5042419844173543
152,2025.0833333333333,4 ROOM,West,8.0,92.0,2017,583000.0,597277.4110593286,-14277.411059328588,2.4489555847904954
153,2025.0833333333333,4 ROOM,West,8.0,104.0,1993,570000.0,543247.8440932715,26752.15590672847,4.693360685390959
154,2025.0833333333333,4 ROOM,West,8.0,104.0,1993,535000.0,543247.8440932715,-8247.844093271531,1.5416531015460806
155,2025.0833333333333,4 ROOM,West,8.0,104.0,1993,553888.0,543247.8440932715,10640.155906728469,1.9209941191591928
156,2025.0833333333333,4 ROOM,West,2.0,104.0,2000,510000.0,504638.6678312138,5361.332168786204,1.051241601722785
157,2025.0833333333333,4 ROOM,West,17.0,93.0,2017,625000.0,671520.233836937,-46520.233836937,7.4432374139099196
158,2025.0833333333333,4 ROOM,West,11.0,90.0,2002,518000.0,523471.62237781985,-5471.622377819847,1.056297756335878
159,2025.0833333333333,4 ROOM,West,8.0,102.0,1999,540000.0,535710.6961681677,4289.303831832251,0.7943155244133797
160,2025.0833333333333,4 ROOM,West,14.0,103.0,1999,562000.0,546826.2024471816,15173.797552818432,2.6999639773698276
161,2025.0833333333333,4 ROOM,West,14.0,85.0,2002,512000.0,515519.1350080656,-3519.135008065612,0.6873310562628149
162,2025.0833333333333,4 ROOM,West,8.0,106.0,1996,530000.0,536819.7470523955,-6819.7470523954835,1.2867447268670724
163,2025.0833333333333,4 ROOM,West,2.0,103.0,1989,465000.0,496788.13395032455,-31788.133950324554,6.836157838779474
164,2025.0833333333333,4 ROOM,West,2.0,106.0,1989,500000.0,511414.93324164255,-11414.933241642546,2.2829866483285093
165,2025.0833333333333,4 ROOM,West,8.0,92.0,1979,458000.0,573051.948674895,-115051.94867489499,25.120512811112444
166,2025.0833333333333,5 ROOM,West,11.0,125.0,1993,661099.0,665230.9395768482,-4131.939576848177,0.6250107135010304
167,2025.0833333333333,5 ROOM,West,11.0,113.0,2016,682000.0,701333.7931663558,-19333.793166355812,2.834867033190002
168,2025.0833333333333,5 ROOM,West,8.0,113.0,2017,690000.0,709801.8549985088,-19801.854998508818,2.8698340577549013
169,2025.0833333333333,5 ROOM,West,8.0,113.0,2017,718888.0,709801.8549985088,9086.145001491182,1.263916632561843
170,2025.0833333333333,5 ROOM,West,8.0,110.0,2002,573000.0,607755.6871051099,-34755.687105109915,6.065564939809758
171,2025.0833333333333,5 ROOM,West,14.0,124.0,1999,646000.0,685223.960438784,-39223.96043878398,6.071820501359749
172,2025.0833333333333,5 ROOM,West,11.0,110.0,2003,577000.0,606794.7713986724,-29794.77139867237,5.1637385439640155
173,2025.0833333333333,5 ROOM,West,5.0,122.0,1989,660000.0,584898.9394458862,75101.06055411382,11.378948568805125
174,2025.0833333333333,5 ROOM,West,17.0,110.0,2003,618000.0,629531.9534678982,-11531.953467898187,1.8660118880094154
175,2025.0833333333333,5 ROOM,West,5.0,123.0,1993,722000.0,628939.4489298332,93060.55107016675,12.889273001408139
176,2025.0833333333333,5 ROOM,West,2.0,113.0,2017,620000.0,643368.2443307353,-23368.244330735295,3.769071666247628
177,2025.0833333333333,EXECUTIVE,West,8.0,141.0,1999,722000.0,720778.5810349542,1221.4189650458284,0.16917160180690144
178,2025.0833333333333,EXECUTIVE,West,5.0,145.0,1996,783000.0,707422.4208605614,75577.57913943857,9.652308957782704
179,2025.0833333333333,3 ROOM,West,11.0,67.0,1979,430000.0,412765.041077608,17234.95892239199,4.008129981951625
180,2025.0833333333333,3 ROOM,West,8.0,74.0,1983,420000.0,412380.76202067174,7619.23797932826,1.8141042807924428
181,2025.0833333333333,3 ROOM,West,8.0,67.0,1978,395000.0,416954.4567753802,-21954.456775380182,5.558090322881059
182,2025.0833333333333,4 ROOM,West,11.0,94.0,2018,1100000.0,653580.400773161,446419.599226839,40.58359992971264
183,2025.0833333333333,4 ROOM,West,32.0,80.0,2014,995000.0,984455.7160312707,10544.283968729316,1.0597270320330971
184,2025.0833333333333,4 ROOM,West,11.0,91.0,1978,505000.0,616998.6111827476,-111998.61118274764,22.177942808464877
185,2025.0833333333333,4 ROOM,West,8.0,93.0,1980,546000.0,543516.766565734,2483.233434265945,0.4548046582904661
186,2025.0833333333333,5 ROOM,West,17.0,110.0,2002,1020000.0,615742.9814509049,404257.01854909514,39.633041034225016
187,2025.0833333333333,3 ROOM,Central,5.0,81.0,1980,542000.0,510962.9585799169,31037.041420083086,5.726391405919388
188,2025.0833333333333,3 ROOM,Central,5.0,60.3,1967,305000.0,337238.9656471315,-32238.965647131496,10.570152671190653
189,2025.0833333333333,3 ROOM,Central,8.0,67.0,2016,593000.0,675486.2407568288,-82486.2407568288,13.909990009583273
190,2025.0833333333333,3 ROOM,Central,8.0,56.0,1969,340000.0,330620.29987563955,9379.700124360446,2.758735330694249
191,2025.0833333333333,3 ROOM,Central,5.0,68.0,2020,698000.0,710628.6625047786,-12628.662504778593,1.8092639691659875
192,2025.0833333333333,3 ROOM,Central,2.0,65.0,1981,379000.0,389760.4469728322,-10760.4469728322,2.839168066710343
193,2025.0833333333333,4 ROOM,Central,14.0,93.0,2020,1000000.0,1004528.5858551272,-4528.585855127196,0.45285858551271957
194,2025.0833333333333,3 ROOM,North-East,5.0,67.0,2012,503000.0,502811.9051357603,188.09486423968337,0.03739460521663686
195,2025.0833333333333,3 ROOM,North-East,5.0,68.0,2019,488000.0,504550.65115197626,-16550.651151976257,3.391526875404971
196,2025.0833333333333,3 ROOM,North-East,11.0,67.0,1981,432000.0,422129.19278798543,9870.807212014566,2.284909076855224
197,2025.0833333333333,3 ROOM,North-East,5.0,67.0,1982,380000.0,422920.0418575114,-42920.04185751139,11.294747857239837
198,2025.0833333333333,3 ROOM,North-East,2.0,71.0,1985,420000.0,428384.49790108367,-8384.497901083669,1.9963090240675403
199,2025.0833333333333,3 ROOM,North-East,5.0,67.0,1986,420000.0,437784.7071045909,-17784.707104590896,4.234454072521642
200,2025.0833333333333,3 ROOM,North-East,5.0,74.0,1987,460000.0,455330.18837144074,4669.811628559255,1.0151764409911426
201,2025.0833333333333,3 ROOM,North-East,2.0,74.0,1987,456000.0,441542.2689526905,14457.731047309528,3.170555054234545
202,2025.0833333333333,3 ROOM,North-East,2.0,74.0,1987,432000.0,441542.2689526905,-9542.268952690472,2.2088585538635352
203,2025.0833333333333,4 ROOM,North-East,5.0,91.0,1981,548888.0,531837.4201196427,17050.579880357254,3.1063859804472416
204,2025.0833333333333,4 ROOM,North-East,5.0,113.0,1989,700000.0,715967.9611075423,-15967.961107542273,2.2811373010774676
205,2025.0833333333333,4 ROOM,North-East,5.0,84.0,1987,560000.0,528126.8556942248,31873.144305775175,5.691632911745567
206,2025.0833333333333,4 ROOM,North-East,5.0,91.0,1985,525000.0,573023.6017030868,-48023.60170308675,9.147352705349858
207,2025.0833333333333,4 ROOM,North-East,8.0,104.0,1983,625000.0,589094.9431029726,35905.05689702742,5.744809103524387
208,2025.0833333333333,4 ROOM,North-East,5.0,93.0,1985,560000.0,582698.2399155248,-22698.239915524842,4.0532571277722935
209,2025.0833333333333,4 ROOM,North-East,14.0,105.0,1992,700000.0,687961.3999361063,12038.600063893711,1.719800009127673
210,2025.0833333333333,4 ROOM,North-East,5.0,101.0,1999,575000.0,567589.4155371337,7410.5844628663035,1.288797297889792
211,2025.0833333333333,4 ROOM,North-East,8.0,104.0,1992,630000.0,646378.2614063714,-16378.26140637137,2.59972403275736
212,2025.0833333333333,5 ROOM,North-East,8.0,121.0,1987,808888.0,750504.7133334936,58383.286666506436,7.217721942531777
213,2025.0833333333333,5 ROOM,North-East,17.0,113.0,2015,858000.0,785626.0459538106,72373.95404618944,8.435192779276159
214,2025.0833333333333,EXECUTIVE,North-East,2.0,148.0,1991,918000.0,818632.4666251515,99367.53337484854,10.824350040833174
215,2025.0833333333333,3 ROOM,West,5.0,68.0,1982,425000.0,397900.131244816,27099.868755183998,6.376439707102118
216,2025.0833333333333,3 ROOM,West,8.0,67.0,1983,405000.0,396847.8733567179,8152.1266432821285,2.012870776119044
217,2025.0833333333333,3 ROOM,West,2.0,67.0,1981,400000.0,380737.3983510465,19262.60164895351,4.815650412238378
218,2025.0833333333333,3 ROOM,West,5.0,68.0,1983,380000.0,392804.302890287,-12804.302890287014,3.369553392180793
219,2025.0833333333333,3 ROOM,West,29.0,72.0,2013,535000.0,523177.7255563857,11822.274443614297,2.2097709240400554
220,2025.0833333333333,4 ROOM,West,5.0,97.0,1978,470000.0,533030.3725477227,-63030.372547722654,13.410717563345246
221,2025.0833333333333,4 ROOM,West,2.0,97.0,1978,445000.0,519697.8013804241,-74697.80138042412,16.78602278211778
222,2025.0833333333333,4 ROOM,West,5.0,92.0,2013,595000.0,561493.9415463343,33506.0584536657,5.631270328347176
223,2025.0833333333333,4 ROOM,West,8.0,101.0,1998,638000.0,591177.2196598222,46822.78034017782,7.338993783726931
224,2025.0833333333333,5 ROOM,West,5.0,120.0,1981,598000.0,638020.0499668282,-40020.0499668282,6.692316047964582
225,2025.0833333333333,5 ROOM,West,14.0,121.0,1985,648000.0,674599.8140296136,-26599.814029613626,4.1049095724712386
226,2025.0833333333333,5 ROOM,West,8.0,121.0,1983,665000.0,642812.0327024395,22187.967297560535,3.336536435723389
227,2025.0833333333333,EXECUTIVE,West,11.0,143.0,1998,1025000.0,737513.0152767841,287486.9847232159,28.047510704703992
228,2025.0833333333333,2 ROOM,West,5.0,47.0,2019,343000.0,341447.10387948237,1552.896120517631,0.4527393937369187
229,2025.0833333333333,3 ROOM,West,5.0,68.0,2017,535000.0,497104.7705463052,37895.229453694774,7.083220458634537
230,2025.0833333333333,3 ROOM,West,2.0,67.0,1984,370000.0,388584.01793725416,-18584.01793725416,5.0227075506092325
231,2025.0833333333333,4 ROOM,West,5.0,93.0,2015,600000.0,571534.8391997659,28465.160800234065,4.744193466705678
232,2025.0833333333333,4 ROOM,West,17.0,93.0,2019,696000.0,679360.5870783213,16639.41292167874,2.390720247367635
233,2025.0833333333333,4 ROOM,West,5.0,104.0,1990,523888.0,521961.79207167093,1926.207928329066,0.3676755200212767
234,2025.0833333333333,4 ROOM,West,8.0,99.0,1998,660000.0,610486.7360895611,49513.263910438865,7.502009683399828
235,2025.0833333333333,4 ROOM,West,8.0,99.0,1998,655001.0,610486.7360895611,44514.263910438865,6.796060450356391
236,2025.0833333333333,4 ROOM,West,11.0,93.0,2018,620000.0,623210.53568263,-3210.5356826300267,0.5178283359080689
237,2025.0833333333333,4 ROOM,West,5.0,104.0,1985,495000.0,532177.0327507334,-37177.03275073343,7.510511666814834
238,2025.0833333333333,4 ROOM,West,5.0,104.0,1991,515000.0,509062.50792171946,5937.492078280542,1.1529110831612703
239,2025.0833333333333,4 ROOM,West,8.0,104.0,1990,525000.0,520856.3661375694,4143.633862430579,0.7892635928439198
240,2025.0833333333333,4 ROOM,West,8.0,104.0,1990,536888.0,520856.3661375694,16031.633862430579,2.986029462835932
241,2025.0833333333333,4 ROOM,West,2.0,103.0,1988,495000.0,501814.39346597076,-6814.393465970759,1.3766451446405574
242,2025.0833333333333,4 ROOM,West,5.0,91.0,2014,690000.0,661943.0678271102,28056.93217288982,4.0662220540420035
243,2025.0833333333333,4 ROOM,West,2.0,90.0,2001,480000.0,495024.4415954123,-15024.441595412325,3.130091999044234
244,2025.0833333333333,5 ROOM,West,11.0,114.0,2018,790888.0,763512.9422915233,27375.05770847667,3.461306494532307
245,2025.0833333333333,5 ROOM,West,17.0,112.0,2003,638000.0,642425.6496821239,-4425.6496821239125,0.6936754987655035
246,2025.0833333333333,5 ROOM,West,8.0,121.0,1985,606000.0,643179.6419978769,-37179.641997876926,6.135254455095202
247,2025.0833333333333,5 ROOM,West,14.0,110.0,2002,638000.0,630260.0437753734,7739.956224626629,1.2131592828568385
248,2025.0833333333333,5 ROOM,West,5.0,110.0,2001,645000.0,636113.1198113307,8886.88018866931,1.3778108819642343
249,2025.0833333333333,5 ROOM,West,11.0,111.0,2000,758000.0,669910.6029874051,88089.39701259485,11.621292481872672
250,2025.0833333333333,5 ROOM,West,11.0,110.0,2000,690000.0,659245.1788529982,30754.821147001814,4.457220456087219
251,2025.0833333333333,5 ROOM,West,2.0,110.0,2008,540000.0,563314.2296943469,-23314.229694346897,4.317449943397573
252,2025.0833333333333,5 ROOM,West,8.0,110.0,2001,590000.0,635522.9724120141,-45522.97241201415,7.715758035934601
253,2025.0833333333333,5 ROOM,West,8.0,121.0,1990,580000.0,587472.7652978762,-7472.765297876205,1.288407809978656
254,2025.0833333333333,5 ROOM,West,5.0,132.0,1989,580000.0,619667.1421975894,-39667.14219758939,6.8391624478602395
255,2025.0833333333333,5 ROOM,West,14.0,121.0,1997,665000.0,752719.8777746041,-87719.87777460413,13.190959063850244
256,2025.0833333333333,5 ROOM,West,20.0,108.0,2014,900000.0,975085.939494225,-75085.93949422496,8.342882166024996
257,2025.0833333333333,5 ROOM,West,8.0,126.0,1996,678888.0,638127.6379278644,40760.362072135555,6.003989181151464
258,2025.0833333333333,EXECUTIVE,West,11.0,148.0,1985,725000.0,772927.6687751494,-47927.66877514939,6.610712934503364
259,2025.0833333333333,EXECUTIVE,West,14.0,130.0,2000,812000.0,665743.3272492087,146256.6727507913,18.011905511181194
260,2025.0833333333333,EXECUTIVE,West,11.0,146.0,1993,790000.0,726490.0069639205,63509.99303607945,8.039239624820183
261,2025.0833333333333,3 ROOM,Central,8.0,56.0,1970,320000.0,325095.76648693497,-5095.766486934968,1.5924270271671777
262,2025.0833333333333,3 ROOM,Central,5.0,60.0,1969,410000.0,358524.9870292393,51475.0129707607,12.554881212380659
263,2025.0833333333333,3 ROOM,Central,8.0,65.0,1981,488000.0,415238.66076060984,72761.33923939016,14.910110499875032
264,2025.0833333333333,3 ROOM,Central,2.0,63.0,1986,460800.0,460214.62190855143,585.3780914485687,0.12703517609560952
265,2025.0833333333333,3 ROOM,Central,14.0,70.0,2017,782000.0,776958.9506089934,5041.049391006585,0.644635471995727
266,2025.0833333333333,3 ROOM,Central,5.0,66.0,1980,371000.0,412525.51767267217,-41525.51767267217,11.192861906380639
267,2025.0833333333333,4 ROOM,Central,8.0,88.0,1974,567000.0,556706.1676533113,10293.832346688723,1.8154907137017149
268,2025.0833333333333,4 ROOM,Central,11.0,88.0,1974,625000.0,576911.3007073079,48088.69929269212,7.6941918868307395
269,2025.0833333333333,4 ROOM,Central,8.0,92.0,1982,613888.0,648317.9787982763,-34429.97879827628,5.608511454577428
270,2025.0833333333333,4 ROOM,Central,11.0,91.0,1976,683000.0,615943.4103601989,67056.58963980107,9.817948702752718
271,2025.0833333333333,4 ROOM,Central,5.0,93.0,1981,600000.0,606920.5604134249,-6920.560413424857,1.1534267355708097
272,2025.0833333333333,4 ROOM,Central,2.0,104.0,1987,720500.0,705870.4547974447,14629.545202555251,2.0304712286683206
273,2025.0833333333333,4 ROOM,Central,26.0,93.0,2017,1122000.0,945088.475210119,176911.52478988096,15.767515578420763
274,2025.0833333333333,4 ROOM,Central,5.0,84.0,1987,644000.0,652698.4683259802,-8698.46832598024,1.3506938394379255
275,2025.0833333333333,4 ROOM,Central,2.0,95.0,2017,908888.0,928039.994282783,-19151.99428278301,2.1071896958462437
276,2025.0833333333333,4 ROOM,Central,14.0,88.0,2017,1050000.0,981644.7850651836,68355.21493481635,6.51002046998251
277,2025.0833333333333,4 ROOM,Central,5.0,91.0,1974,490000.0,550043.2866452613,-60043.28664526134,12.25373196842068
278,2025.0833333333333,4 ROOM,Central,11.0,91.0,1974,530000.0,593389.722548098,-63389.722548097954,11.960325009075087
279,2025.0833333333333,5 ROOM,Central,20.0,107.0,2011,1290000.0,1295743.8881023494,-5743.8881023493595,0.44526264359297363
280,2025.0833333333333,3 ROOM,East,2.0,76.0,1975,510000.0,477232.2516371156,32767.74836288439,6.425048698604782
281,2025.0833333333333,3 ROOM,East,8.0,76.0,1975,535000.0,508945.5567487888,26054.443251211196,4.869989392749757
282,2025.0833333333333,3 ROOM,East,8.0,65.0,1975,460000.0,455271.67684492393,4728.323155076068,1.0278963380600148
283,2025.0833333333333,5 ROOM,East,20.0,120.0,1977,945000.0,878707.0939608337,66292.90603916626,7.015122332186905
284,2025.0833333333333,5 ROOM,East,2.0,120.0,1977,833333.0,732944.6525501637,100388.34744983632,12.046606512622963
285,2025.0833333333333,5 ROOM,East,26.0,122.0,1975,1065000.0,1045158.1993772949,19841.800622705137,1.8630798706765386
286,2025.0833333333333,2 ROOM,East,8.0,47.0,2015,420000.0,399274.582967817,20725.417032182973,4.934623102900708
287,2025.0833333333333,4 ROOM,East,11.0,104.0,1995,618000.0,632132.3192800831,-14132.319280083058,2.286783055029621
288,2025.0833333333333,4 ROOM,East,5.0,112.0,1992,648000.0,618230.432215243,29769.567784757004,4.594069102585958
289,2025.0833333333333,4 ROOM,East,5.0,93.0,2015,705000.0,733263.7172515825,-28263.717251582537,4.009037908025892
290,2025.0833333333333,5 ROOM,East,5.0,122.0,1993,745888.0,739533.8707768702,6354.1292231298285,0.8518878468523194
291,2025.0833333333333,EXECUTIVE,East,2.0,143.0,1995,875000.0,770291.7599916875,104708.24000831251,11.966656000950001
292,2025.0833333333333,EXECUTIVE,East,5.0,150.0,1993,964000.0,806877.4931731721,157122.50682682788,16.29901523099874
293,2025.0833333333333,2 ROOM,North-East,2.0,47.0,2018,365000.0,355130.4340973595,9869.56590264052,2.7039906582576765
294,2025.0833333333333,3 ROOM,North-East,14.0,65.0,2015,498000.0,506712.05040469987,-8712.050404699869,1.7494077117871223
295,2025.0833333333333,3 ROOM,North-East,8.0,68.0,2016,485000.0,518732.25560303696,-33732.25560303696,6.955104248048857
296,2025.0833333333333,3 ROOM,North-East,2.0,70.0,2013,560000.0,516147.4866531926,43852.51334680739,7.830805954787035
297,2025.0833333333333,3 ROOM,North-East,8.0,67.0,2014,538000.0,533799.241743786,4200.758256213972,0.7808100847981362
298,2025.0833333333333,3 ROOM,North-East,17.0,67.0,2016,555888.0,555787.543092935,100.45690706500318,0.018071429328390464
299,2025.0833333333333,3 ROOM,North-East,14.0,67.0,2014,540000.0,538758.0408365953,1241.959163404652,0.22999243766752814
300,2025.0833333333333,3 ROOM,North-East,2.0,68.0,2018,490000.0,483494.39848610887,6505.601513891132,1.327673778345129
301,2025.0833333333333,3 ROOM,North-East,2.0,68.0,2020,485000.0,491465.9078338501,-6465.907833850128,1.3331768729587892
302,2025.0833333333333,4 ROOM,North-East,5.0,93.0,2017,618888.0,625111.8100905691,-6223.810090569081,1.005644008377781
303,2025.0833333333333,4 ROOM,North-East,5.0,90.0,2003,560000.0,564363.130949431,-4363.130949430983,0.7791305266841041
304,2025.0833333333333,4 ROOM,North-East,2.0,94.0,2004,588000.0,553649.4537244594,34350.546275540604,5.841929638697382
305,2025.0833333333333,4 ROOM,North-East,17.0,93.0,2013,688000.0,692560.9478250952,-4560.947825095151,0.6629284629498766
306,2025.0833333333333,4 ROOM,North-East,14.0,92.0,2014,668000.0,700467.1660138585,-32467.166013858514,4.8603541936913945
307,2025.0833333333333,4 ROOM,North-East,14.0,90.0,2007,600000.0,651609.0335437533,-51609.03354375332,8.601505590625553
308,2025.0833333333333,4 ROOM,North-East,11.0,93.0,2012,650000.0,670616.5778850713,-20616.57788507128,3.1717812130878897
309,2025.0833333333333,4 ROOM,North-East,8.0,92.0,2016,728888.0,704544.6772352995,24343.32276470051,3.3397892083146536
310,2025.0833333333333,4 ROOM,North-East,11.0,93.0,2018,671000.0,680829.3496222589,-9829.349622258916,1.4648807186674988
311,2025.0833333333333,4 ROOM,North-East,2.0,93.0,2020,635000.0,609776.9137430153,25223.086256984738,3.9721395680290925
312,2025.0833333333333,5 ROOM,North-East,5.0,111.0,2003,597000.0,619956.7211670878,-22956.721167087788,3.8453469291604336
313,2025.0833333333333,5 ROOM,North-East,17.0,110.0,2003,668000.0,649497.3064767511,18502.69352324889,2.7698642998875584
314,2025.0833333333333,5 ROOM,North-East,5.0,113.0,2018,790000.0,788964.7785261276,1035.2214738724288,0.13104069289524414
315,2025.0833333333333,5 ROOM,North-East,11.0,111.0,2003,623000.0,649339.2493888866,-26339.249388886616,4.227808890672009
316,2025.0833333333333,5 ROOM,North-East,2.0,110.0,2003,630000.0,617200.9677734665,12799.032226533513,2.0315924169100814
317,2025.0833333333333,5 ROOM,North-East,11.0,110.0,2003,665000.0,657417.9009942003,7582.099005799741,1.1401652640300362
318,2025.0833333333333,5 ROOM,North-East,5.0,112.0,2016,840000.0,829260.0074827969,10739.992517203093,1.278570537762273
319,2025.0833333333333,5 ROOM,North-East,5.0,112.0,2015,850000.0,805721.5378971484,44278.4621028516,5.2092308356296
320,2025.0833333333333,5 ROOM,North-East,8.0,116.0,2020,925000.0,918435.6513110523,6564.348688947735,0.7096593177240795
321,2025.0833333333333,3 ROOM,Central,8.0,65.0,1976,415000.0,402012.4710917324,12987.528908267617,3.129525038136775
322,2025.0833333333333,3 ROOM,Central,5.0,66.0,1970,396000.0,365955.79192188533,30044.208078114665,7.586921231847138
323,2025.0833333333333,3 ROOM,Central,5.0,67.0,1970,370000.0,376532.03894204216,-6532.038942042156,1.7654159302816639
324,2025.0833333333333,4 ROOM,Central,38.0,88.0,2020,1125000.0,1130484.3214493578,-5484.321449357783,0.4874952399429141
325,2025.0833333333333,4 ROOM,Central,2.0,87.0,2003,738888.0,780414.2364275537,-41526.2364275537,5.620098909111218
326,2025.0833333333333,4 ROOM,Central,26.0,88.0,2012,905000.0,984345.6765299076,-79345.67652990762,8.767478069603051
327,2025.0833333333333,4 ROOM,Central,17.0,92.0,2003,845000.0,898291.0096244353,-53291.00962443533,6.306628357921341
328,2025.0833333333333,4 ROOM,Central,23.0,93.0,2018,1030000.0,1003562.8322363845,26437.167763615493,2.566715316855873
329,2025.0833333333333,4 ROOM,Central,29.0,90.0,2006,1010000.0,983520.6009424236,26479.399057576433,2.6217226789679637
330,2025.0833333333333,4 ROOM,Central,8.0,90.0,2008,918000.0,905327.7236890162,12672.276310983812,1.3804222560984545
331,2025.0833333333333,4 ROOM,Central,14.0,85.0,2008,952000.0,918622.6486226071,33377.351377392886,3.5060243043479926
332,2025.0833333333333,5 ROOM,Central,17.0,117.0,2011,1290000.0,1283820.743788178,6179.256211821921,0.47901210944355976
333,2025.0833333333333,2 ROOM,North,8.0,38.0,2020,340000.0,368238.99844505766,-28238.99844505766,8.305587777958136
334,2025.0833333333333,2 ROOM,North,8.0,47.0,2020,380000.0,391517.4468472634,-11517.446847263374,3.030907065069309
335,2025.0833333333333,2 ROOM,North,8.0,38.0,2020,352000.0,368238.99844505766,-16238.99844505766,4.61335183098229
336,2025.0833333333333,3 ROOM,North,5.0,67.0,2018,500000.0,502452.1463515327,-2452.1463515327196,0.49042927030654393
337,2025.0833333333333,3 ROOM,North,2.0,67.0,2018,488000.0,490378.80818786414,-2378.8081878641387,0.4874606942344546
338,2025.0833333333333,3 ROOM,North,2.0,68.0,2018,493000.0,476692.26430961135,16307.735690388654,3.307857138009869
339,2025.0833333333333,3 ROOM,North,11.0,67.0,2015,472888.0,476687.32229075884,-3799.322290758835,0.8034296262029984
340,2025.0833333333333,3 ROOM,North,17.0,67.0,2015,510000.0,485831.34968153504,24168.650318464963,4.738951042836267
341,2025.0833333333333,4 ROOM,North,5.0,92.0,2020,806888.0,729258.4223988209,77629.57760117913,9.620861581927
342,2025.0833333333333,4 ROOM,North,14.0,93.0,2018,662000.0,648429.6455276173,13570.354472382693,2.049902488275331
343,2025.0833333333333,4 ROOM,North,2.0,93.0,2018,593000.0,581737.9569741988,11262.043025801191,1.8991640852953104
344,2025.0833333333333,4 ROOM,North,11.0,93.0,2020,660000.0,691218.8740706922,-31218.874070692225,4.730132434953367
345,2025.0833333333333,4 ROOM,North,2.0,93.0,2018,593000.0,581737.9569741988,11262.043025801191,1.8991640852953104
346,2025.0833333333333,4 ROOM,North,8.0,93.0,2020,638000.0,688465.9339407429,-50465.93394074286,7.910020993846843
347,2025.0833333333333,4 ROOM,North,8.0,93.0,2018,613888.0,635060.3857111905,-21172.385711190524,3.448900403850625
348,2025.0833333333333,4 ROOM,North,8.0,93.0,2020,628888.0,688465.9339407429,-59577.93394074286,9.473536454939968
349,2025.0833333333333,4 ROOM,North,8.0,93.0,2018,695000.0,635060.3857111905,59939.61428880948,8.624404933641651
350,2025.0833333333333,4 ROOM,North,5.0,93.0,2018,658000.0,618156.8153600618,39843.184639938176,6.055195234033158
351,2025.0833333333333,4 ROOM,North,8.0,90.0,2003,530000.0,531231.5723093407,-1231.5723093406996,0.23237213383786784
352,2025.0833333333333,4 ROOM,North,5.0,85.0,2002,515000.0,514492.8300176489,507.16998235107167,0.09847960822350907
353,2025.0833333333333,4 ROOM,North,5.0,91.0,2006,515000.0,543955.0921867536,-28955.092186753638,5.622347997427891
354,2025.0833333333333,4 ROOM,North,5.0,90.0,2004,520000.0,524179.4608638084,-4179.460863808403,0.8037424738093083
355,2025.0833333333333,5 ROOM,North,5.0,110.0,2002,650000.0,600120.1842676182,49879.81573238177,7.6738178049818115
356,2025.0833333333333,5 ROOM,North,5.0,110.0,2001,618000.0,602052.9785844237,15947.021415576339,2.5804241772777248
357,2025.0833333333333,5 ROOM,North,14.0,116.0,2020,825000.0,800046.6736410477,24953.326358952327,3.0246456192669484
358,2025.0833333333333,5 ROOM,North,8.0,116.0,2020,783000.0,784515.9641772597,-1515.9641772597097,0.19360972889651465
359,2025.0833333333333,5 ROOM,North,8.0,116.0,2020,808888.0,784515.9641772597,24372.03582274029,3.0130297176791214
360,2025.0833333333333,5 ROOM,North,5.0,113.0,2018,707000.0,738732.868654018,-31732.868654018035,4.488383119380203
361,2025.0833333333333,5 ROOM,North,2.0,113.0,2018,670000.0,705399.8683465356,-35399.8683465356,5.2835624397814325
362,2025.0833333333333,5 ROOM,North,8.0,120.0,1999,660000.0,657063.5186461649,2936.4813538350863,0.44492141724774037
363,2025.0833333333333,5 ROOM,North,14.0,120.0,1999,650000.0,674701.0110175932,-24701.011017593206,3.8001555411681855
364,2025.0833333333333,5 ROOM,North,2.0,110.0,2001,615000.0,570782.5325421134,44217.46745788655,7.189832106973423
365,2025.0833333333333,EXECUTIVE,North,14.0,137.0,2001,750000.0,696468.2866626374,53531.71333736263,7.137561778315018
366,2025.0833333333333,EXECUTIVE,North,2.0,133.0,2001,730000.0,655171.0524816616,74828.94751833845,10.250540755936774
367,2025.0833333333333,EXECUTIVE,North,14.0,130.0,2001,788000.0,696697.4561410337,91302.54385896632,11.586617240985573
368,2025.0833333333333,EXECUTIVE,North,2.0,130.0,2000,700000.0,643947.4162335056,56052.58376649441,8.007511966642058
369,2025.0833333333333,2 ROOM,North-East,5.0,47.0,2021,385000.0,377341.0358777811,7658.964122218895,1.989341330446466
370,2025.0833333333333,2 ROOM,North-East,11.0,48.0,2020,405000.0,383108.3964810463,21891.60351895372,5.4053342022107955
371,2025.0833333333333,3 ROOM,North-East,17.0,68.0,2021,563000.0,553107.6544937093,9892.345506290672,1.7570773545809364
372,2025.0833333333333,3 ROOM,North-East,14.0,83.0,2007,530000.0,516759.4543911894,13240.545608810615,2.4982161526057762
373,2025.0833333333333,3 ROOM,North-East,8.0,68.0,2017,550000.0,521919.7563932084,28080.2436067916,5.105498837598472
374,2025.0833333333333,3 ROOM,North-East,5.0,68.0,2016,485000.0,509099.66971429036,-24099.669714290358,4.969004064802136
375,2025.0833333333333,4 ROOM,North-East,11.0,95.0,2015,720000.0,698671.5611484019,21328.438851598068,2.962283173833065
376,2025.0833333333333,4 ROOM,North-East,5.0,85.0,2002,595000.0,542385.0475787787,52614.9524212213,8.842849146423749
377,2025.0833333333333,4 ROOM,North-East,17.0,93.0,2021,715000.0,742997.8791811927,-27997.879181192722,3.9157872980689126
378,2025.0833333333333,4 ROOM,North-East,2.0,90.0,2001,542000.0,557156.8560091029,-15156.856009102892,2.796467898358467
379,2025.0833333333333,4 ROOM,North-East,17.0,93.0,2015,700500.0,650977.3571370593,49522.64286294067,7.069613542175684
380,2025.0833333333333,4 ROOM,North-East,5.0,92.0,2015,665888.0,632421.9574255454,33466.042574454565,5.02577649311214
381,2025.0833333333333,4 ROOM,North-East,5.0,92.0,2008,678000.0,674399.4237200718,3600.5762799282093,0.5310584483669926
382,2025.0833333333333,4 ROOM,North-East,11.0,92.0,2017,808000.0,740826.1480555543,67173.85194444575,8.313595537678928
383,2025.0833333333333,4 ROOM,North-East,5.0,92.0,2008,698000.0,674399.4237200718,23600.57627992821,3.3811713868091986
384,2025.0833333333333,4 ROOM,North-East,5.0,93.0,2017,620000.0,625111.8100905691,-5111.810090569081,0.824485498478884
385,2025.0833333333333,4 ROOM,North-East,14.0,93.0,2017,684888.0,684914.027219119,-26.02721911901608,0.0038002153810573524
386,2025.0833333333333,4 ROOM,North-East,8.0,93.0,2017,670000.0,660969.3383356964,9030.661664303625,1.3478599498960635
387,2025.0833333333333,4 ROOM,North-East,8.0,92.0,2017,838000.0,705611.5900372195,132388.40996278054,15.798139613696963
388,2025.0833333333333,4 ROOM,North-East,2.0,85.0,2005,550000.0,554878.0987968121,-4878.098796812119,0.8869270539658398
389,2025.0833333333333,4 ROOM,North-East,14.0,90.0,2006,690000.0,698135.0134250179,-8135.01342501794,1.1789874529011506
390,2025.0833333333333,4 ROOM,North-East,5.0,94.0,2001,600000.0,555109.758352803,44890.24164719705,7.481706941199508
391,2025.0833333333333,4 ROOM,North-East,8.0,92.0,2015,598888.0,672494.0667466506,-73606.06674665061,12.290456103086154
392,2025.0833333333333,4 ROOM,North-East,11.0,92.0,2015,642000.0,692813.6024182229,-50813.60241822293,7.914891342402326
393,2025.0833333333333,4 ROOM,North-East,5.0,93.0,2013,610000.0,639480.3248737982,-29480.324873798178,4.832840143245603
394,2025.0833333333333,4 ROOM,North-East,5.0,90.0,2005,600000.0,571032.6399721792,28967.360027820803,4.827893337970133
395,2025.0833333333333,4 ROOM,North-East,14.0,96.0,2000,590000.0,589449.2495216465,550.7504783534678,0.09334753870397759
396,2025.0833333333333,4 ROOM,North-East,2.0,90.0,2001,535000.0,557156.8560091029,-22156.856009102892,4.141468412916429
397,2025.0833333333333,4 ROOM,North-East,14.0,92.0,2015,850000.0,685576.8419162643,164423.15808373573,19.343900951027734
398,2025.0833333333333,4 ROOM,North-East,8.0,93.0,2020,655000.0,662833.0202040891,-7833.020204089116,1.195880947189178
399,2025.0833333333333,4 ROOM,North-East,5.0,93.0,2020,680000.0,630183.345314044,49816.65468595596,7.325978630287641
400,2025.0833333333333,5 ROOM,North-East,8.0,110.0,2002,715000.0,661013.4946306203,53986.50536937965,7.55056019152163
401,2025.0833333333333,5 ROOM,North-East,11.0,111.0,2001,678000.0,662646.8860777367,15353.113922263263,2.2644710799798324
402,2025.0833333333333,5 ROOM,North-East,2.0,113.0,2002,583000.0,606775.0144091176,-23775.014409117633,4.078047068459285
403,2025.0833333333333,5 ROOM,North-East,11.0,110.0,2003,665000.0,657417.9009942003,7582.099005799741,1.1401652640300362
404,2025.0833333333333,5 ROOM,North-East,2.0,110.0,2001,625000.0,638777.9435656568,-13777.94356565678,2.204470970505085
405,2025.0833333333333,5 ROOM,North-East,17.0,120.0,2012,820000.0,1053044.9033884797,-233044.90338847972,28.420110169326797
406,2025.0833333333333,5 ROOM,North-East,5.0,116.0,2000,660000.0,645744.5069452988,14255.493054701248,2.15992319010625
407,2025.0833333333333,5 ROOM,North-East,8.0,110.0,2001,678000.0,675512.8398403479,2487.1601596521214,0.3668377816596049
408,2025.0833333333333,5 ROOM,North-East,11.0,112.0,2015,758000.0,838167.9133524381,-80167.91335243813,10.57624186707627
409,2025.0833333333333,5 ROOM,North-East,5.0,113.0,2017,707777.0,797772.531007906,-89995.53100790596,12.71523813403176
410,2025.0833333333333,5 ROOM,North-East,11.0,111.0,2001,675000.0,662646.8860777367,12353.113922263263,1.8300909514464094
411,2025.0833333333333,5 ROOM,North-East,8.0,110.0,2000,670000.0,661644.3858419769,8355.614158023149,1.2471065907497236
412,2025.0833333333333,5 ROOM,North-East,11.0,115.0,2000,652000.0,665423.0741670972,-13423.07416709722,2.0587537066100032
413,2025.0833333333333,5 ROOM,North-East,14.0,113.0,2020,800000.0,866239.770811457,-66239.77081145695,8.279971351432119
414,2025.0833333333333,5 ROOM,North-East,2.0,113.0,2020,730000.0,759799.438429883,-29799.438429882983,4.082114853408628
415,2025.0833333333333,5 ROOM,North-East,5.0,113.0,2020,755000.0,811907.6558713841,-56907.65587138408,7.5374378637594805
416,2025.0833333333333,EXECUTIVE,North-East,11.0,130.0,2001,860000.0,723405.6924165932,136594.3075834068,15.883059021326373
417,2025.0833333333333,EXECUTIVE,North-East,5.0,140.0,1998,798000.0,844313.3657957142,-46313.3657957142,5.803679924274962
418,2025.0833333333333,3 ROOM,North-East,11.0,64.0,1978,396000.0,446598.7628200484,-50598.762820048374,12.777465358598075
419,2025.0833333333333,3 ROOM,North-East,5.0,64.0,1985,455000.0,478054.6385104508,-23054.63851045078,5.066953518780391
420,2025.0833333333333,4 ROOM,North-East,11.0,89.0,1985,745000.0,677847.5706802593,67152.42931974074,9.013748901978623
421,2025.0833333333333,4 ROOM,North-East,8.0,94.0,1984,680000.0,610289.0841034224,69710.91589657764,10.251605278908476
422,2025.0833333333333,4 ROOM,North-East,8.0,83.0,1985,700000.0,616915.9518670926,83084.04813290737,11.869149733272481
423,2025.0833333333333,5 ROOM,North-East,5.0,115.0,1999,900000.0,703346.074703752,196653.92529624805,21.85043614402756
424,2025.0833333333333,5 ROOM,North-East,8.0,122.0,1992,767000.0,803595.2518656775,-36595.251865677536,4.771219278445572
425,2025.0833333333333,EXECUTIVE,North-East,11.0,149.0,1985,1180000.0,900796.5620275848,279203.43797241524,23.661308302747052
426,2025.0833333333333,EXECUTIVE,North-East,5.0,146.0,1992,1020000.0,851919.4016828327,168080.59831716726,16.47849003109483
427,2025.0833333333333,3 ROOM,East,11.0,68.0,2020,590000.0,584883.0718237599,5116.928176240064,0.8672759620745871
428,2025.0833333333333,3 ROOM,East,8.0,68.0,2020,580000.0,593651.5318510837,-13651.531851083739,2.353712388117886
429,2025.0833333333333,3 ROOM,East,5.0,75.0,1982,460000.0,442759.18522373156,17240.81477626844,3.748003212232269
430,2025.0833333333333,3 ROOM,East,11.0,68.0,1985,488888.0,460464.8951993467,28423.104800653295,5.813827461638104
431,2025.0833333333333,3 ROOM,East,11.0,78.0,1985,360000.0,475907.68906431063,-115907.68906431063,32.196580295641844
432,2025.0833333333333,3 ROOM,East,11.0,67.0,1985,488888.0,440050.8140399199,48837.185960080125,9.989442563548323
433,2025.0833333333333,3 ROOM,East,5.0,60.0,1985,435000.0,415617.493538746,19382.50646125397,4.455748611782522
434,2025.0833333333333,3 ROOM,East,8.0,64.0,1986,468000.0,444516.40830873704,23483.591691262962,5.017861472492085
435,2025.0833333333333,3 ROOM,East,11.0,73.0,1984,478000.0,472837.11409766064,5162.88590233936,1.080101653209071
436,2025.0833333333333,3 ROOM,East,2.0,74.0,1988,465000.0,447043.1430792477,17956.856920752325,3.8616896603768445
437,2025.0833333333333,3 ROOM,East,2.0,73.0,1984,465000.0,452097.20327005576,12902.796729944239,2.7747949956869333
438,2025.0833333333333,4 ROOM,East,2.0,94.0,2011,800000.0,788983.0386219886,11016.961378011387,1.3771201722514232
439,2025.0833333333333,4 ROOM,East,11.0,94.0,2011,880000.0,874654.4154971286,5345.584502871381,0.6074527844172024
440,2025.0833333333333,4 ROOM,East,5.0,104.0,1989,640000.0,632185.4388875647,7814.561112435302,1.221025173818016
441,2025.0833333333333,4 ROOM,East,11.0,84.0,1988,615000.0,566184.7635853011,48815.236414698884,7.9374368153981925
442,2025.0833333333333,4 ROOM,East,8.0,84.0,1988,563000.0,566387.2878486647,-3387.2878486646805,0.6016497066899965
443,2025.0833333333333,4 ROOM,East,5.0,93.0,2020,720000.0,755334.1274261188,-35334.12742611882,4.907517698072058
444,2025.0833333333333,4 ROOM,East,14.0,93.0,2020,791000.0,795352.0758859771,-4352.07588597713,0.5501992270514703
445,2025.0833333333333,4 ROOM,East,8.0,93.0,2020,770000.0,767635.2076650464,2364.792334953556,0.307115887656306
446,2025.0833333333333,4 ROOM,East,8.0,93.0,2020,777000.0,767635.2076650464,9364.792334953556,1.2052499787585014
447,2025.0833333333333,4 ROOM,East,14.0,93.0,2020,815000.0,795352.0758859771,19647.92411402287,2.4107882348494316
448,2025.0833333333333,4 ROOM,East,2.0,93.0,2020,700000.0,715788.2207645206,-15788.220764520578,2.2554601092172253
449,2025.0833333333333,4 ROOM,East,11.0,93.0,2020,770888.0,776743.1593115368,-5855.159311536816,0.7595343696538039
450,2025.0833333333333,4 ROOM,East,5.0,93.0,2020,745000.0,755334.1274261188,-10334.127426118823,1.3871311981367547
451,2025.0833333333333,4 ROOM,East,11.0,115.0,1984,658888.0,661682.3568249843,-2794.3568249843083,0.42410194524476214
452,2025.0833333333333,4 ROOM,East,2.0,101.0,1997,570000.0,606027.16877691,-36027.16877691005,6.320555925773694
453,2025.0833333333333,4 ROOM,East,8.0,105.0,1993,605000.0,618631.8140041876,-13631.814004187589,2.2531923973863783
454,2025.0833333333333,4 ROOM,East,5.0,109.0,1996,620000.0,620617.8922775856,-617.8922775855754,0.09966004477186699
455,2025.0833333333333,4 ROOM,East,2.0,101.0,1997,640000.0,606027.16877691,33972.83122308995,5.308254878607804
456,2025.0833333333333,5 ROOM,East,2.0,121.0,1988,700000.0,708223.0810494758,-8223.081049475819,1.1747258642108314
457,2025.0833333333333,5 ROOM,East,5.0,122.0,1988,720000.0,727503.6194348513,-7503.619434851338,1.0421693659515747
458,2025.0833333333333,5 ROOM,East,5.0,139.0,1984,835000.0,756992.3947500994,78007.6052499006,9.342228173640791
459,2025.0833333333333,5 ROOM,East,5.0,113.0,2020,900000.0,892575.5171490923,7424.48285090772,0.8249425389897467
460,2025.0833333333333,5 ROOM,East,8.0,113.0,2020,922000.0,900334.8960344095,21665.103965590475,2.3497943563547152
461,2025.0833333333333,5 ROOM,East,14.0,113.0,2020,915000.0,942729.415315755,-27729.415315754944,3.0305371929786826
462,2025.0833333333333,5 ROOM,East,8.0,121.0,1985,705000.0,709940.6681310241,-4940.668131024111,0.700803990216186
463,2025.0833333333333,5 ROOM,East,2.0,138.0,1985,741000.0,707075.0265916203,33924.97340837971,4.578269015975669
464,2025.0833333333333,5 ROOM,East,5.0,122.0,1985,755000.0,705314.6772750992,49685.32272490079,6.580837447006727
465,2025.0833333333333,5 ROOM,East,8.0,127.0,1993,715000.0,722975.4284018762,-7975.428401876241,1.1154445317309427
466,2025.0833333333333,5 ROOM,East,5.0,114.0,2017,840000.0,879591.4107071206,-39591.41070712055,4.713263179419113
467,2025.0833333333333,EXECUTIVE,East,11.0,146.0,1988,1040000.0,832532.1932785445,207467.80672145553,19.948827569370724
468,2025.0833333333333,2 ROOM,Central,2.0,42.0,1967,268000.0,269270.8543733107,-1270.8543733106926,0.4741993930263778
469,2025.0833333333333,2 ROOM,Central,8.0,43.0,1967,280000.0,277288.1841883732,2711.8158116267878,0.968505647009567
470,2025.0833333333333,3 ROOM,Central,8.0,68.0,2020,750000.0,741633.1203611,8366.879638900049,1.11558395185334
471,2025.0833333333333,3 ROOM,Central,5.0,58.0,1969,342000.0,361716.89285989583,-19716.89285989583,5.765173350846734
472,2025.0833333333333,3 ROOM,Central,11.0,66.0,1970,375000.0,378551.7335597465,-3551.733559746528,0.9471289492657409
473,2025.0833333333333,3 ROOM,Central,5.0,67.0,1969,397000.0,379246.7701540487,17753.22984595131,4.471846308803857
474,2025.0833333333333,3 ROOM,Central,2.0,73.0,1984,430000.0,481904.1499345461,-51904.14993454609,12.070732542917694
475,2025.0833333333333,3 ROOM,Central,2.0,81.0,1984,520000.0,510771.73884931044,9228.261150689563,1.774665605901839
476,2025.0833333333333,3 ROOM,Central,26.0,68.0,2019,778000.0,767158.5459602592,10841.454039740842,1.3935030899409822
477,2025.0833333333333,3 ROOM,Central,5.0,65.0,1973,385000.0,386262.40051764075,-1262.4005176407518,0.3278962383482472
478,2025.0833333333333,3 ROOM,Central,2.0,65.0,1973,380000.0,388556.09699560906,-8556.096995609056,2.2516044725286988
479,2025.0833333333333,3 ROOM,Central,8.0,65.0,1973,420000.0,395372.16930737876,24627.83069262124,5.863769212528867
480,2025.0833333333333,3 ROOM,Central,5.0,68.0,2017,640000.0,662800.6097982072,-22800.60979820718,3.562595280969872
481,2025.0833333333333,4 ROOM,Central,5.0,94.0,2020,945000.0,1006810.8958652187,-61810.895865218714,6.540835541292986
482,2025.0833333333333,4 ROOM,Central,5.0,93.0,2018,998000.0,913231.4421817565,84768.55781824351,8.493843468761874
483,2025.0833333333333,4 ROOM,Central,23.0,93.0,2018,1138888.0,1003562.8322363845,135325.1677636155,11.882219126342141
484,2025.0833333333333,4 ROOM,Central,8.0,101.0,1998,710000.0,819610.2535706977,-109610.25357069774,15.438063883196865
485,2025.0833333333333,4 ROOM,Central,8.0,93.0,2019,938888.0,961164.5213431832,-22276.521343183238,2.3726494899480275
486,2025.0833333333333,5 ROOM,Central,20.0,117.0,2012,1600000.0,1356307.0652374187,243692.93476258125,15.23080842266133
487,2025.0833333333333,5 ROOM,Central,29.0,110.0,2002,1145888.0,1048672.002192216,97215.997807784,8.483900504044376
488,2025.0833333333333,5 ROOM,Central,23.0,119.0,1997,980000.0,1032845.8644615512,-52845.86446155119,5.392435149137876
489,2025.0833333333333,5 ROOM,Central,2.0,134.0,1984,960000.0,864147.6688250349,95852.33117496513,9.984617830725535
490,2025.0833333333333,EXECUTIVE,Central,11.0,146.0,1988,1030000.0,1023828.7423875758,6171.257612424204,0.5991512245072043
491,2025.0833333333333,2 ROOM,North,2.0,47.0,2018,370000.0,346535.78611421195,23464.21388578805,6.341679428591365
492,2025.0833333333333,2 ROOM,North,11.0,38.0,2019,360000.0,345588.34202231304,14411.657977686962,4.003238327135268
493,2025.0833333333333,3 ROOM,North,11.0,67.0,1977,360000.0,360698.3595993799,-698.3595993798808,0.19398877760552247
494,2025.0833333333333,3 ROOM,North,5.0,67.0,1977,371000.0,350470.82161262934,20529.17838737066,5.533471263442226
495,2025.0833333333333,3 ROOM,North,5.0,82.0,1977,428000.0,394112.8888418828,33887.111158117186,7.917549336008689
496,2025.0833333333333,3 ROOM,North,17.0,67.0,2015,500000.0,485831.34968153504,14168.650318464963,2.8337300636929923
497,2025.0833333333333,3 ROOM,North,5.0,68.0,2018,493000.0,490423.1681262988,2576.831873701187,0.5226839500408087
498,2025.0833333333333,3 ROOM,North,11.0,68.0,2019,520000.0,499873.87917646184,20126.120823538164,3.8704078506804165
499,2025.0833333333333,4 ROOM,North,11.0,91.0,1977,470000.0,435046.5373450144,34953.462654985604,7.436906947869278
500,2025.0833333333333,4 ROOM,North,14.0,84.0,1988,510000.0,497598.04469259636,12401.955307403638,2.4317559426281643
501,2025.0833333333333,4 ROOM,North,8.0,100.0,1997,590000.0,555933.1247197698,34066.87528023019,5.774046657666134
502,2025.0833333333333,4 ROOM,North,8.0,91.0,1997,516000.0,522915.0403713004,-6915.04037130042,1.3401241029651976
503,2025.0833333333333,4 ROOM,North,11.0,103.0,1997,580666.0,554361.695537892,26304.304462107946,4.530023190975181
504,2025.0833333333333,4 ROOM,North,5.0,101.0,1998,500000.0,539891.4555362717,-39891.45553627168,7.978291107254336
505,2025.0833333333333,4 ROOM,North,14.0,100.0,1997,580000.0,553524.7565011102,26475.243498889846,4.564697154981008
506,2025.0833333333333,4 ROOM,North,11.0,93.0,2018,638000.0,652164.0996790763,-14164.099679076346,2.220078319604443
507,2025.0833333333333,4 ROOM,North,11.0,93.0,2018,645000.0,652164.0996790763,-7164.099679076346,1.1107131285389684
508,2025.0833333333333,4 ROOM,North,2.0,102.0,2000,525000.0,540884.3900580495,-15884.390058049466,3.0255981062951363
509,2025.0833333333333,4 ROOM,North,5.0,92.0,2015,638888.0,575994.6486345681,62893.35136543191,9.844190431723856
510,2025.0833333333333,4 ROOM,North,5.0,92.0,1998,530000.0,511615.99816969514,18384.001830304856,3.468679590623558
511,2025.0833333333333,4 ROOM,North,5.0,100.0,1997,570000.0,542272.5383740374,27727.461625962635,4.864466951923269
512,2025.0833333333333,4 ROOM,North,5.0,90.0,2004,490000.0,524179.4608638084,-34179.4608638084,6.975400176287429
513,2025.0833333333333,4 ROOM,North,8.0,90.0,2004,523000.0,527058.2569630822,-4058.25696308224,0.7759573543178279
514,2025.0833333333333,4 ROOM,North,8.0,101.0,1998,585888.0,552455.1929051909,33432.80709480913,5.706347816444292
515,2025.0833333333333,4 ROOM,North,11.0,86.0,2000,520000.0,527605.750580365,-7605.750580364955,1.4626443423778759
516,2025.0833333333333,4 ROOM,North,5.0,100.0,1998,550000.0,536510.9820347754,13489.017965224572,2.452548720949922
517,2025.0833333333333,4 ROOM,North,5.0,93.0,2018,585000.0,618156.8153600618,-33156.815360061824,5.667831685480654
518,2025.0833333333333,4 ROOM,North,14.0,93.0,2019,688000.0,638475.7379863216,49524.26201367844,7.198293897336983
519,2025.0833333333333,4 ROOM,North,8.0,92.0,1985,500000.0,528930.3353530439,-28930.33535304386,5.786067070608772
520,2025.0833333333333,4 ROOM,North,11.0,93.0,2019,660000.0,627289.9216655963,32710.07833440369,4.95607247490965
521,2025.0833333333333,4 ROOM,North,8.0,115.0,1996,560000.0,583169.0267189465,-23169.026718946523,4.137326199811879
522,2025.0833333333333,4 ROOM,North,8.0,84.0,1993,490000.0,488323.0860621424,1676.9139378576074,0.3422273342566546
523,2025.0833333333333,5 ROOM,North,5.0,122.0,1998,635000.0,639650.3122341193,-4650.312234119279,0.7323326352943746
524,2025.0833333333333,5 ROOM,North,2.0,122.0,1997,622000.0,626219.0796795303,-4219.079679530347,0.6783086301495734
525,2025.0833333333333,5 ROOM,North,2.0,125.0,1999,690000.0,662704.890001693,27295.109998306958,3.955813043232893
526,2025.0833333333333,5 ROOM,North,2.0,115.0,1999,630000.0,606929.3732861595,23070.626713840524,3.6620042402921467
527,2025.0833333333333,5 ROOM,North,5.0,122.0,1997,650000.0,647760.2922038499,2239.70779615012,0.34457043017694156
528,2025.0833333333333,5 ROOM,North,5.0,110.0,2000,658000.0,600606.9122693576,57393.08773064241,8.722353758456293
529,2025.0833333333333,5 ROOM,North,8.0,114.0,2003,630000.0,622872.7920551316,7127.207944868365,1.131302848391804
530,2025.0833333333333,5 ROOM,North,5.0,110.0,2004,600000.0,570049.5359293625,29950.464070637478,4.991744011772913
531,2025.0833333333333,5 ROOM,North,2.0,121.0,1998,650000.0,620049.3123555325,29950.687644467456,4.607798099148839
532,2025.0833333333333,5 ROOM,North,17.0,113.0,2019,820000.0,802003.61835057,17996.381649430026,2.194680688954881
533,2025.0833333333333,5 ROOM,North,8.0,137.0,1996,715000.0,724703.9163533748,-9703.916353374836,1.357191098374103
534,2025.0833333333333,EXECUTIVE,North,11.0,141.0,2000,850000.0,752534.4963515808,97465.50364841917,11.46652984099049
535,2025.0833333333333,EXECUTIVE,North,11.0,141.0,1999,910000.0,766394.8486151493,143605.15138485073,15.780785866467115
536,2025.0833333333333,EXECUTIVE,North,2.0,141.0,1999,838000.0,729174.2814633944,108825.7185366056,12.986362593867016
537,2025.0833333333333,EXECUTIVE,North,8.0,179.0,1995,962888.0,773575.4952774982,189312.50472250185,19.660906016328155
538,2025.0833333333333,3 ROOM,North,11.0,68.0,1984,425000.0,422114.9503559136,2885.0496440863935,0.6788352103732691
539,2025.0833333333333,3 ROOM,North,2.0,73.0,1988,430000.0,425316.416958104,4683.583041895996,1.0892053585804642
540,2025.0833333333333,3 ROOM,North,8.0,77.0,1983,410000.0,403776.5288554386,6223.471144561423,1.5179197913564446
541,2025.0833333333333,3 ROOM,North,11.0,67.0,1985,450000.0,440504.8741437521,9495.125856247905,2.11002796805509
542,2025.0833333333333,3 ROOM,North,5.0,67.0,1985,423000.0,416546.95771485876,6453.042285141244,1.5255419113809088
543,2025.0833333333333,3 ROOM,North,5.0,67.0,2019,460000.0,479367.5795986309,-19367.579598630895,4.210343391006717
544,2025.0833333333333,3 ROOM,North,14.0,68.0,2017,515000.0,505697.99995991035,9302.000040089653,1.8062136000174083
545,2025.0833333333333,3 ROOM,North,5.0,64.0,1987,415000.0,390002.1099381915,24997.890061808517,6.023587966700847
546,2025.0833333333333,4 ROOM,North,5.0,92.0,2015,565000.0,575994.6486345681,-10994.64863456809,1.9459555105430248
547,2025.0833333333333,4 ROOM,North,11.0,92.0,2015,600000.0,601737.4378392026,-1737.4378392025828,0.2895729732004305
548,2025.0833333333333,4 ROOM,North,5.0,104.0,1988,558888.0,554725.6028729589,4162.3971270411275,0.7447640899502455
549,2025.0833333333333,4 ROOM,North,8.0,92.0,2015,590000.0,589348.5746386126,651.4253613874316,0.11041107820125959
550,2025.0833333333333,4 ROOM,North,11.0,93.0,2013,600000.0,602556.966726356,-2556.966726355953,0.42616112105932547
551,2025.0833333333333,4 ROOM,North,5.0,93.0,2018,611000.0,618156.8153600618,-7156.815360061824,1.1713282095027537
552,2025.0833333333333,4 ROOM,North,11.0,93.0,2018,625000.0,652164.0996790763,-27164.099679076346,4.346255948652216
553,2025.0833333333333,4 ROOM,North,2.0,93.0,2018,588000.0,581737.9569741988,6262.043025801191,1.0649733037076856
554,2025.0833333333333,4 ROOM,North,5.0,93.0,2018,603000.0,618156.8153600618,-15156.815360061824,2.513568053078246
555,2025.0833333333333,4 ROOM,North,11.0,84.0,1988,490000.0,485154.84234418836,4845.157655811636,0.9888076848595175
556,2025.0833333333333,4 ROOM,North,5.0,93.0,2019,595000.0,599213.2074031696,-4213.207403169596,0.7081020845663186
557,2025.0833333333333,4 ROOM,North,2.0,93.0,1984,525000.0,509964.7271791145,15035.272820885526,2.863861489692481
558,2025.0833333333333,4 ROOM,North,8.0,104.0,1988,575000.0,545452.8673991086,29547.132600891404,5.138631756676766
559,2025.0833333333333,4 ROOM,North,8.0,105.0,1988,560000.0,556139.4405373379,3860.5594626620878,0.6893856183325157
560,2025.0833333333333,4 ROOM,North,2.0,84.0,1986,500000.0,476354.25442725583,23645.74557274417,4.729149114548834
561,2025.0833333333333,4 ROOM,North,5.0,93.0,1986,530000.0,506503.4894337684,23496.51056623162,4.433303880421061
562,2025.0833333333333,4 ROOM,North,5.0,84.0,1985,470000.0,479344.9060891807,-9344.906089180673,1.9882778913150367
563,2025.0833333333333,4 ROOM,North,8.0,93.0,2019,600000.0,616931.1598078918,-16931.159807891818,2.8218599679819696
564,2025.0833333333333,4 ROOM,North,2.0,105.0,1988,565000.0,544927.2324408127,20072.767559187254,3.5527022228650007
565,2025.0833333333333,4 ROOM,North,5.0,103.0,1987,505000.0,557743.8646822863,-52743.86468228628,10.444329640056688
566,2025.0833333333333,4 ROOM,North,5.0,84.0,1987,495000.0,488417.4070903552,6582.5929096448235,1.3298167494231967
567,2025.0833333333333,4 ROOM,North,5.0,84.0,1985,500000.0,479344.9060891807,20655.093910819327,4.131018782163865
568,2025.0833333333333,5 ROOM,North,11.0,120.0,2018,760000.0,769695.191835643,-9695.191835643025,1.2756831362688192
569,2025.0833333333333,5 ROOM,North,5.0,122.0,1988,668000.0,693531.2843298365,-25531.28432983649,3.822048552370732
570,2025.0833333333333,5 ROOM,North,5.0,123.0,1993,700000.0,682587.8843175261,17412.115682473872,2.487445097496267
571,2025.0833333333333,5 ROOM,North,2.0,113.0,2018,700000.0,705399.8683465356,-5399.868346535601,0.7714097637908002
572,2025.0833333333333,5 ROOM,North,8.0,127.0,1987,790000.0,737798.1769014224,52201.82309857756,6.6078257086807035
573,2025.0833333333333,5 ROOM,North,2.0,111.0,2000,608000.0,610419.8391775892,-2419.839177589165,0.39799986473506005
574,2025.0833333333333,5 ROOM,North,11.0,113.0,2017,730000.0,746128.4599458573,-16128.459945857292,2.2093780747749716
575,2025.0833333333333,5 ROOM,North,8.0,122.0,1988,738000.0,707903.938589768,30096.06141023198,4.07805710165745
576,2025.0833333333333,5 ROOM,North,11.0,127.0,1988,740000.0,718431.6023015927,21568.397698407294,2.9146483376226073
577,2025.0833333333333,EXECUTIVE,North,5.0,146.0,1987,800000.0,746797.7310479055,53202.268952094484,6.6502836190118115
