,Unnamed: 0.1,date,range_numeric,floor_area_sqm,lease_commence_date,remaining_lease,resale_price,monthly_median_price,lag_1,lag_2,lag_3,rolling_mean_3,rolling_std_3
3,3,1990-01-01,-0.5587265906386362,0.7184602031295791,1977,1.7961568913797856,6000.0,7300.0,7300.0,7300.0,7300.0,6666.666666666667,1154.7005383792516
4,4,1990-01-01,0.0610264913104613,0.7184602031295791,1975,1.5315408851148824,7300.0,7300.0,7300.0,7300.0,7300.0,7100.0,1014.889156509222
5,5,1990-01-01,0.0610264913104613,0.7184602031295791,1975,1.5315408851148824,9500.0,7300.0,7300.0,7300.0,7300.0,7600.0,1769.1806012954132
6,6,1990-01-01,0.0610264913104613,-1.2861891389359132,1969,0.7376928663201728,9000.0,7300.0,7300.0,7300.0,7300.0,8600.0,1153.2562594670796
7,7,1990-01-01,0.6807795732595588,-1.2861891389359132,1969,0.7376928663201728,7300.0,7300.0,7300.0,7300.0,7300.0,8600.0,1153.2562594670796
8,8,1990-01-01,0.0610264913104613,-1.2861891389359132,1969,0.7376928663201728,7300.0,7300.0,7300.0,7300.0,7300.0,7866.666666666667,981.4954576223639
12,12,1990-02-01,-1.1784796725877336,-2.2885138099686597,1969,0.7376928663201728,7300.0,7400.0,7400.0,7400.0,7400.0,7533.333333333333,404.14518843273873
13,13,1990-02-01,-1.1784796725877336,-2.2885138099686597,1969,0.7376928663201728,7300.0,7400.0,7400.0,7400.0,7400.0,7300.0,0.0
14,14,1990-02-01,0.0610264913104613,-1.2861891389359132,1969,0.7376928663201728,7300.0,7400.0,7400.0,7400.0,7400.0,7300.0,0.0
15,15,1990-02-01,0.0610264913104613,-1.2861891389359132,1969,0.7376928663201728,7500.0,7400.0,7400.0,7400.0,7400.0,7366.666666666667,115.47005383792704
16,16,1990-02-01,0.0610264913104613,-1.2861891389359132,1969,0.7376928663201728,7300.0,7400.0,7400.0,7400.0,7400.0,7366.666666666667,115.47005383792704
17,17,1990-02-01,-1.1784796725877336,-2.2885138099686597,1969,0.7376928663201728,10000.0,7400.0,7400.0,7400.0,7400.0,8266.666666666666,1504.437879519568
18,18,1990-02-01,0.6807795732595588,-1.2861891389359132,1969,0.7376928663201728,7500.0,7400.0,7400.0,7400.0,7400.0,8266.666666666666,1504.437879519568
19,19,1990-02-01,-0.5587265906386362,-1.2861891389359132,1969,0.7376928663201728,7300.0,7400.0,7400.0,7400.0,7400.0,8266.666666666666,1504.437879519568
20,20,1990-02-01,-1.1784796725877336,0.7184602031295791,1975,1.5315408851148824,8000.0,7400.0,7400.0,7400.0,7400.0,7600.0,360.5551275463989
30,30,1990-05-01,0.6807795732595588,-1.2861891389359132,1969,0.7376928663201728,6000.0,8500.0,8500.0,8500.0,8500.0,8400.0,2116.601048851673
31,31,1990-05-01,-1.1784796725877336,-1.2861891389359132,1969,0.7376928663201728,10400.0,8500.0,8500.0,8500.0,8500.0,8533.333333333334,2274.496281230931
32,32,1990-05-01,0.0610264913104613,-1.2861891389359132,1969,0.7376928663201728,7300.0,8500.0,8500.0,8500.0,8500.0,7900.0,2260.5309110914627
36,36,1990-06-01,-1.1784796725877336,0.7184602031295791,1975,1.5315408851148824,7500.0,7300.0,7300.0,7300.0,7300.0,7366.666666666667,115.47005383791026
40,40,1990-07-01,-1.1784796725877336,0.7184602031295791,1975,1.5315408851148824,5000.0,7300.0,7300.0,7300.0,7300.0,7333.333333333333,2081.665999466132
41,41,1990-07-01,0.0610264913104613,-1.2861891389359132,1969,0.7376928663201728,7300.0,7300.0,7300.0,7300.0,7300.0,6766.666666666667,1569.5009822658055
42,42,1990-07-01,-0.5587265906386362,-1.2861891389359132,1969,0.7376928663201728,8000.0,7300.0,7300.0,7300.0,7300.0,6766.666666666667,1569.5009822658055
43,43,1990-07-01,-1.1784796725877336,-1.2861891389359132,1969,0.7376928663201728,10400.0,7300.0,7300.0,7300.0,7300.0,8566.666666666666,1625.8331197676268
44,44,1990-07-01,-0.5587265906386362,-1.2861891389359132,1969,0.7376928663201728,7000.0,7300.0,7300.0,7300.0,7300.0,8466.666666666666,1747.378989610821
45,45,1990-07-01,-0.5587265906386362,-1.2861891389359132,1969,0.7376928663201728,7300.0,7300.0,7300.0,7300.0,7300.0,8233.333333333334,1882.3743871327338
46,46,1990-07-01,0.6807795732595588,-1.2861891389359132,1969,0.7376928663201728,7300.0,7300.0,7300.0,7300.0,7300.0,7200.0,173.20508075689816
50,50,1990-08-01,0.6807795732595588,-1.2861891389359132,1969,0.7376928663201728,7300.0,8500.0,8500.0,8500.0,8500.0,8200.0,1153.2562594670794
51,51,1990-08-01,0.6807795732595588,0.7184602031295791,1975,1.5315408851148824,10000.0,8500.0,8500.0,8500.0,8500.0,8366.666666666666,1436.4307617610164
58,58,1990-10-01,0.6807795732595588,-1.2861891389359132,1969,0.7376928663201728,7300.0,7500.0,7500.0,7500.0,7500.0,8266.666666666666,1504.4378795195669
59,59,1990-10-01,0.0610264913104613,0.7184602031295791,1975,1.5315408851148824,10400.0,7500.0,7500.0,7500.0,7500.0,9233.333333333334,1686.2186493255645
63,63,1990-11-01,-1.1784796725877336,-1.2861891389359132,1969,0.7376928663201728,7700.0,7650.0,7650.0,7650.0,7650.0,7733.333333333333,251.66114784235845
64,64,1990-11-01,0.0610264913104613,-1.2861891389359132,1969,0.7376928663201728,7600.0,7650.0,7650.0,7650.0,7650.0,7600.0,100.00000000000004
65,65,1990-11-01,-0.5587265906386362,-1.2861891389359132,1969,0.7376928663201728,8000.0,7650.0,7650.0,7650.0,7650.0,7766.666666666667,208.16659994661316
66,66,1990-11-01,-0.5587265906386362,0.7184602031295791,1975,1.5315408851148824,7300.0,7650.0,7650.0,7650.0,7650.0,7633.333333333333,351.18845842842444
67,67,1990-11-01,0.0610264913104613,0.7184602031295791,1975,1.5315408851148824,8700.0,7650.0,7650.0,7650.0,7650.0,8000.0,699.9999999999999
71,71,1990-12-01,0.0610264913104613,0.7184602031295791,1977,1.7961568913797856,8000.0,7400.0,7400.0,7400.0,7400.0,7000.0,999.9999999999991
72,72,1990-12-01,0.0610264913104613,-1.2861891389359132,1969,0.7376928663201728,7300.0,7400.0,7400.0,7400.0,7400.0,7433.333333333333,513.1601439446865
73,73,1990-12-01,-1.1784796725877336,-2.2885138099686597,1969,0.7376928663201728,7500.0,7400.0,7400.0,7400.0,7400.0,7600.0,360.5551275463965
80,80,1991-02-01,0.0610264913104613,-1.2861891389359132,1969,0.6053848631877212,8000.0,8000.0,8000.0,8000.0,8000.0,7766.666666666667,404.1451884327334
81,81,1991-02-01,-0.5587265906386362,0.7184602031295791,1975,1.399232881982431,10000.0,8000.0,8000.0,8000.0,8000.0,8433.333333333334,1401.1899704655784
82,82,1991-02-01,0.0610264913104613,0.7184602031295791,1975,1.399232881982431,8800.0,8000.0,8000.0,8000.0,8000.0,8933.333333333334,1006.6445913694308
86,86,1991-03-01,0.6807795732595588,-1.2861891389359132,1969,0.6053848631877212,7300.0,7300.0,7300.0,7300.0,7300.0,8066.666666666667,1327.9056191361374
90,90,1991-04-01,-1.1784796725877336,0.7184602031295791,1975,1.399232881982431,7500.0,8000.0,8000.0,8000.0,8000.0,8633.333333333334,1550.2687938977963
91,91,1991-04-01,0.0610264913104613,0.7184602031295791,1975,1.399232881982431,10200.0,8000.0,8000.0,8000.0,8000.0,9366.666666666666,1619.6707484341773
98,98,1991-06-01,0.0610264913104613,0.7184602031295791,1975,1.399232881982431,8500.0,8250.0,8250.0,8250.0,8250.0,8333.333333333334,288.6751345948052
104,104,1991-08-01,-1.1784796725877336,-1.2861891389359132,1969,0.6053848631877212,7500.0,7250.0,7250.0,7250.0,7250.0,7900.0,2424.871130596428
110,110,1991-10-01,-0.5587265906386362,-1.2861891389359132,1969,0.6053848631877212,10400.0,10200.0,10200.0,10200.0,10200.0,10200.0,200.0000000000035
111,111,1991-10-01,0.6807795732595588,-1.2861891389359132,1969,0.6053848631877212,10400.0,10200.0,10200.0,10200.0,10200.0,10333.333333333334,115.47005383793108
115,115,1991-11-01,-1.1784796725877336,-1.2861891389359132,1969,0.6053848631877212,7300.0,8100.0,8100.0,8100.0,8100.0,7100.0,346.4101615137728
116,116,1991-11-01,0.0610264913104613,-1.2861891389359132,1969,0.6053848631877212,9500.0,8100.0,8100.0,8100.0,8100.0,8033.333333333333,1270.1705922171761
117,117,1991-11-01,0.0610264913104613,-1.2861891389359132,1969,0.6053848631877212,10220.0,8100.0,8100.0,8100.0,8100.0,9006.666666666666,1521.2275744717924
118,118,1991-11-01,-1.1784796725877336,-1.2861891389359132,1969,0.6053848631877212,8900.0,8100.0,8100.0,8100.0,8100.0,9540.0,660.9084656743322
119,119,1991-11-01,0.0610264913104613,-1.2861891389359132,1969,0.6053848631877212,9500.0,8100.0,8100.0,8100.0,8100.0,9540.0,660.9084656743322
123,123,1991-12-01,-1.1784796725877336,-1.2861891389359132,1969,0.6053848631877212,10400.0,8000.0,8000.0,8000.0,8000.0,8466.666666666666,1747.3789896108212
124,124,1991-12-01,0.6807795732595588,-1.2861891389359132,1969,0.6053848631877212,8000.0,8000.0,8000.0,8000.0,8000.0,8800.0,1385.6406460551027
128,128,1992-01-01,0.0610264913104613,0.7184602031295791,1975,1.2669248788499794,7300.0,9500.0,9500.0,9500.0,9500.0,7533.333333333333,251.66114784236058
129,129,1992-01-01,-0.5587265906386362,0.7184602031295791,1975,1.2669248788499794,10000.0,9500.0,9500.0,9500.0,9500.0,8266.666666666666,1504.4378795195682
130,130,1992-01-01,-0.5587265906386362,0.7184602031295791,1975,1.2669248788499794,10500.0,9500.0,9500.0,9500.0,9500.0,9266.666666666666,1721.433511156715
131,131,1992-01-01,0.0610264913104613,-1.2861891389359132,1969,0.4730768600552696,12000.0,9500.0,9500.0,9500.0,9500.0,10833.333333333334,1040.8329997330677
132,132,1992-01-01,-1.1784796725877336,-1.2861891389359132,1969,0.4730768600552696,9500.0,9500.0,9500.0,9500.0,9500.0,10666.666666666666,1258.3057392117923
133,133,1992-01-01,-1.1784796725877336,-2.2885138099686597,1969,0.4730768600552696,10500.0,9500.0,9500.0,9500.0,9500.0,10666.666666666666,1258.3057392117923
137,137,1992-02-01,-0.5587265906386362,-1.2861891389359132,1969,0.4730768600552696,10400.0,10000.0,10000.0,10000.0,10000.0,9300.0,1571.6233645501713
138,138,1992-02-01,0.0610264913104613,-1.2861891389359132,1969,0.4730768600552696,10000.0,10000.0,10000.0,10000.0,10000.0,10133.333333333334,230.94010767585246
139,139,1992-02-01,-0.5587265906386362,-1.2861891389359132,1969,0.4730768600552696,9500.0,10000.0,10000.0,10000.0,10000.0,9966.666666666666,450.92497528229023
140,140,1992-02-01,-0.5587265906386362,0.7184602031295791,1975,1.2669248788499794,10000.0,10000.0,10000.0,10000.0,10000.0,9833.333333333334,288.67513459481364
150,150,1992-06-01,-0.5587265906386362,0.7184602031295791,1975,1.2669248788499794,8000.0,10000.0,10000.0,10000.0,10000.0,10333.333333333334,2516.6114784235833
154,154,1992-07-01,-0.5587265906386362,-1.2861891389359132,1969,0.4730768600552696,9000.0,9000.0,9000.0,9000.0,9000.0,8766.666666666666,1365.0396819628866
155,155,1992-07-01,-1.1784796725877336,0.7184602031295791,1975,1.2669248788499794,8000.0,9000.0,9000.0,9000.0,9000.0,8100.0,854.4003745317555
159,159,1992-08-01,0.0610264913104613,0.7184602031295791,1975,1.2669248788499794,7500.0,8500.0,8500.0,8500.0,8500.0,8500.0,1322.8756555322975
163,163,1992-09-01,-0.5587265906386362,-1.2861891389359132,1969,0.4730768600552696,10000.0,10000.0,10000.0,10000.0,10000.0,10000.0,0.0
167,167,1992-10-01,-0.5587265906386362,-1.2861891389359132,1969,0.4730768600552696,10000.0,10000.0,10000.0,10000.0,10000.0,9166.666666666666,1443.3756729740646
168,168,1992-10-01,0.0610264913104613,-1.2861891389359132,1969,0.4730768600552696,11000.0,10000.0,10000.0,10000.0,10000.0,10333.333333333334,577.3502691896265
177,177,1993-01-01,-1.1784796725877336,-1.2861891389359132,1969,0.340768856922818,10000.0,10000.0,10000.0,10000.0,10000.0,11533.333333333334,2655.811238272277
181,181,1993-02-01,0.0610264913104613,-1.2861891389359132,1969,0.340768856922818,10000.0,10000.0,10000.0,10000.0,10000.0,10766.666666666666,1078.5793124908935
182,182,1993-02-01,0.0610264913104613,0.7184602031295791,1975,1.1346168757175277,10000.0,10000.0,10000.0,10000.0,10000.0,10100.0,173.2050807568716
192,192,1993-07-01,0.0610264913104613,-1.2861891389359132,1969,0.340768856922818,13500.0,19000.0,19000.0,19000.0,19000.0,19166.666666666668,5751.811308912465
193,193,1993-07-01,-0.5587265906386362,-1.2861891389359132,1969,0.340768856922818,16000.0,19000.0,19000.0,19000.0,19000.0,16166.666666666666,2753.785273643052
199,199,1993-09-01,0.6807795732595588,-1.2861891389359132,1969,0.340768856922818,13000.0,15750.0,15750.0,15750.0,15750.0,13500.0,4769.696007084732
203,203,1993-10-01,0.6807795732595588,-1.2861891389359132,1969,0.340768856922818,25500.0,24250.0,24250.0,24250.0,24250.0,25166.666666666668,3013.8568866708356
204,204,1993-10-01,-0.5587265906386362,-1.2861891389359132,1969,0.340768856922818,23000.0,24250.0,24250.0,24250.0,24250.0,25500.0,2499.9999999999764
205,205,1993-10-01,0.0610264913104613,-1.2861891389359132,1969,0.340768856922818,22000.0,24250.0,24250.0,24250.0,24250.0,23500.0,1802.7756377319688
209,209,1993-11-01,-0.5587265906386362,-1.2861891389359132,1969,0.340768856922818,14000.0,15500.0,15500.0,15500.0,15500.0,13000.0,2645.7513110646
210,210,1993-11-01,0.0610264913104613,-1.2861891389359132,1969,0.340768856922818,20000.0,15500.0,15500.0,15500.0,15500.0,16333.333333333334,3214.5502536643185
211,211,1993-11-01,-0.5587265906386362,0.7184602031295791,1975,1.1346168757175277,27000.0,15500.0,15500.0,15500.0,15500.0,20333.333333333332,6506.407098647706
212,212,1993-11-01,-1.1784796725877336,0.7184602031295791,1975,1.1346168757175277,22000.0,15500.0,15500.0,15500.0,15500.0,23000.0,3605.551275463974
213,213,1993-11-01,0.6807795732595588,0.7184602031295791,1975,1.1346168757175277,20000.0,15500.0,15500.0,15500.0,15500.0,23000.0,3605.551275463974
214,214,1993-11-01,0.6807795732595588,-1.2861891389359132,1969,0.340768856922818,15500.0,15500.0,15500.0,15500.0,15500.0,19166.666666666668,3329.164059239688
218,218,1993-12-01,0.6807795732595588,0.7184602031295791,1977,1.399232881982431,39000.0,20000.0,20000.0,20000.0,20000.0,31000.0,7999.999999999986
219,219,1993-12-01,0.0610264913104613,0.7184602031295791,1975,1.1346168757175277,20000.0,20000.0,20000.0,20000.0,20000.0,27333.333333333332,10214.3689640297
220,220,1993-12-01,0.0610264913104613,0.7184602031295791,1975,1.1346168757175277,25000.0,20000.0,20000.0,20000.0,20000.0,28000.0,9848.857801796095
221,221,1993-12-01,-1.1784796725877336,0.7184602031295791,1975,1.1346168757175277,18000.0,20000.0,20000.0,20000.0,20000.0,21000.0,3605.5512754639753
222,222,1993-12-01,-0.5587265906386362,0.7184602031295791,1975,1.1346168757175277,20000.0,20000.0,20000.0,20000.0,20000.0,21000.0,3605.5512754639753
223,223,1993-12-01,0.0610264913104613,0.7184602031295791,1975,1.1346168757175277,20000.0,20000.0,20000.0,20000.0,20000.0,19333.333333333332,1154.7005383792168
224,224,1993-12-01,0.6807795732595588,-1.2861891389359132,1969,0.340768856922818,15000.0,20000.0,20000.0,20000.0,20000.0,18333.333333333332,2886.751345948118
225,225,1993-12-01,-0.5587265906386362,-1.2861891389359132,1969,0.340768856922818,18000.0,20000.0,20000.0,20000.0,20000.0,17666.666666666668,2516.611478423573
229,229,1994-01-01,-0.5587265906386362,0.7184602031295791,1977,1.2669248788499794,23000.0,23000.0,23000.0,23000.0,23000.0,25333.333333333332,2516.611478423551
230,230,1994-01-01,-1.1784796725877336,-1.2861891389359132,1969,0.2084608537903664,13000.0,23000.0,23000.0,23000.0,23000.0,20333.333333333332,6429.100507328631
231,231,1994-01-01,0.0610264913104613,-1.2861891389359132,1969,0.2084608537903664,23000.0,23000.0,23000.0,23000.0,23000.0,19666.666666666668,5773.502691896252
232,232,1994-01-01,0.0610264913104613,-1.2861891389359132,1969,0.2084608537903664,15000.0,23000.0,23000.0,23000.0,23000.0,17000.0,5291.502622129178
233,233,1994-01-01,0.0610264913104613,0.7184602031295791,1975,1.002308872585076,16000.0,23000.0,23000.0,23000.0,23000.0,18000.0,4358.898943540668
234,234,1994-01-01,-0.5587265906386362,0.7184602031295791,1975,1.002308872585076,22000.0,23000.0,23000.0,23000.0,23000.0,17666.666666666668,3785.938897200176
238,238,1994-02-01,0.6807795732595588,0.7184602031295791,1975,1.002308872585076,25000.0,18000.0,18000.0,18000.0,18000.0,26666.666666666668,4725.815626252588
239,239,1994-02-01,-1.1784796725877336,-1.2861891389359132,1969,0.2084608537903664,18000.0,18000.0,18000.0,18000.0,18000.0,25000.0,6999.999999999987
240,240,1994-02-01,0.0610264913104613,-1.2861891389359132,1969,0.2084608537903664,20000.0,18000.0,18000.0,18000.0,18000.0,21000.0,3605.5512754639713
241,241,1994-02-01,0.0610264913104613,-1.2861891389359132,1969,0.2084608537903664,16000.0,18000.0,18000.0,18000.0,18000.0,18000.0,1999.9999999999775
242,242,1994-02-01,0.0610264913104613,-1.2861891389359132,1969,0.2084608537903664,17000.0,18000.0,18000.0,18000.0,18000.0,17666.666666666668,2081.665999466112
243,243,1994-02-01,-1.1784796725877336,-1.2861891389359132,1969,0.2084608537903664,10500.0,18000.0,18000.0,18000.0,18000.0,14500.0,3499.9999999999945
244,244,1994-02-01,-0.5587265906386362,-1.2861891389359132,1969,0.2084608537903664,18000.0,18000.0,18000.0,18000.0,18000.0,15166.666666666666,4072.263907623533
245,245,1994-02-01,-0.5587265906386362,-1.2861891389359132,1969,0.2084608537903664,18000.0,18000.0,18000.0,18000.0,18000.0,15500.0,4330.127018922187
246,246,1994-02-01,0.0610264913104613,-1.2861891389359132,1969,0.2084608537903664,24900.0,18000.0,18000.0,18000.0,18000.0,20300.0,3983.716857408403
255,255,1994-05-01,0.0610264913104613,-1.2861891389359132,1969,0.2084608537903664,22000.0,22000.0,22000.0,22000.0,22000.0,23666.666666666668,2886.751345948103
256,256,1994-05-01,0.0610264913104613,-1.2861891389359132,1969,0.2084608537903664,19000.0,22000.0,22000.0,22000.0,22000.0,21000.0,1732.050807568845
257,257,1994-05-01,0.6807795732595588,-1.2861891389359132,1969,0.2084608537903664,20000.0,22000.0,22000.0,22000.0,22000.0,20333.333333333332,1527.5252316519131
258,258,1994-05-01,0.0610264913104613,-1.2861891389359132,1969,0.2084608537903664,18000.0,22000.0,22000.0,22000.0,22000.0,19000.0,999.9999999999586
259,259,1994-05-01,-0.5587265906386362,-1.2861891389359132,1969,0.2084608537903664,19000.0,22000.0,22000.0,22000.0,22000.0,19000.0,999.9999999999586
260,260,1994-05-01,0.6807795732595588,0.7184602031295791,1977,1.2669248788499794,32500.0,22000.0,22000.0,22000.0,22000.0,23166.666666666668,8098.353742170886
261,261,1994-05-01,-0.5587265906386362,0.7184602031295791,1977,1.2669248788499794,25000.0,22000.0,22000.0,22000.0,22000.0,25500.0,6763.8746292343285
265,265,1994-06-01,-1.1784796725877336,0.7184602031295791,1977,1.2669248788499794,30500.0,28000.0,28000.0,28000.0,28000.0,29500.0,4092.6763859361968
266,266,1994-06-01,-1.1784796725877336,0.7184602031295791,1975,1.002308872585076,22000.0,28000.0,28000.0,28000.0,28000.0,28500.0,5766.281297335379
267,267,1994-06-01,-1.1784796725877336,0.7184602031295791,1975,1.002308872585076,32000.0,28000.0,28000.0,28000.0,28000.0,28166.666666666668,5392.896562454459
268,268,1994-06-01,0.0610264913104613,-1.2861891389359132,1969,0.2084608537903664,23000.0,28000.0,28000.0,28000.0,28000.0,25666.666666666668,5507.570547286086
269,269,1994-06-01,-0.5587265906386362,-1.2861891389359132,1969,0.2084608537903664,25500.0,28000.0,28000.0,28000.0,28000.0,26833.333333333332,4645.786621588764
270,270,1994-06-01,-1.1784796725877336,-2.2885138099686597,1969,0.2084608537903664,28000.0,28000.0,28000.0,28000.0,28000.0,25500.0,2499.9999999999673
274,274,1994-07-01,0.6807795732595588,0.7184602031295791,1977,1.2669248788499794,30300.0,28000.0,28000.0,28000.0,28000.0,30433.333333333332,5501.211987674453
275,275,1994-07-01,-0.5587265906386362,0.7184602031295791,1977,1.2669248788499794,37000.0,28000.0,28000.0,28000.0,28000.0,34433.333333333336,3614.3233576055486
276,276,1994-07-01,-0.5587265906386362,0.7184602031295791,1977,1.2669248788499794,28000.0,28000.0,28000.0,28000.0,28000.0,31766.666666666668,4675.8243479982275
277,277,1994-07-01,-0.5587265906386362,0.7184602031295791,1975,1.002308872585076,28000.0,28000.0,28000.0,28000.0,28000.0,31000.0,5196.152422706605
278,278,1994-07-01,0.6807795732595588,0.7184602031295791,1975,1.002308872585076,30000.0,28000.0,28000.0,28000.0,28000.0,28666.666666666668,1154.7005383791284
279,279,1994-07-01,0.0610264913104613,-1.2861891389359132,1969,0.2084608537903664,35000.0,28000.0,28000.0,28000.0,28000.0,31000.0,3605.55127546395
280,280,1994-07-01,-0.5587265906386362,-1.2861891389359132,1969,0.2084608537903664,28000.0,28000.0,28000.0,28000.0,28000.0,31000.0,3605.55127546395
281,281,1994-07-01,-1.1784796725877336,-1.2861891389359132,1969,0.2084608537903664,20000.0,28000.0,28000.0,28000.0,28000.0,27666.666666666668,7505.553499465117
282,282,1994-07-01,-1.1784796725877336,-1.2861891389359132,1969,0.2084608537903664,15000.0,28000.0,28000.0,28000.0,28000.0,21000.0,6557.438524301981
283,283,1994-07-01,0.6807795732595588,0.7184602031295791,1975,1.002308872585076,25000.0,28000.0,28000.0,28000.0,28000.0,20000.0,4999.999999999974
284,284,1994-07-01,0.0610264913104613,-1.2861891389359132,1969,0.2084608537903664,25000.0,28000.0,28000.0,28000.0,28000.0,21666.666666666668,5773.502691896234
288,288,1994-08-01,0.6807795732595588,-1.2861891389359132,1969,0.2084608537903664,34500.0,29500.0,29500.0,29500.0,29500.0,25500.0,9836.157786452988
292,292,1994-10-01,0.6807795732595588,-1.2861891389359132,1969,0.2084608537903664,33600.0,32300.0,32300.0,32300.0,32300.0,30866.666666666668,2802.3799409311114
296,296,1994-11-01,-0.5587265906386362,-1.2861891389359132,1969,0.2084608537903664,22000.0,24000.0,24000.0,24000.0,24000.0,22333.333333333332,2516.6114784235256
297,297,1994-11-01,0.0610264913104613,-1.2861891389359132,1969,0.2084608537903664,30000.0,24000.0,24000.0,24000.0,24000.0,24000.0,5291.502622129154
301,301,1994-12-01,-1.1784796725877336,-2.2885138099686597,1969,0.2084608537903664,21500.0,25000.0,25000.0,25000.0,25000.0,25500.0,4272.0018726587305
302,302,1994-12-01,0.6807795732595588,-1.2861891389359132,1969,0.2084608537903664,25000.0,25000.0,25000.0,25000.0,25000.0,23833.333333333332,2020.7259421636168
303,303,1994-12-01,-0.5587265906386362,-1.2861891389359132,1969,0.2084608537903664,20000.0,25000.0,25000.0,25000.0,25000.0,22166.666666666668,2565.8007197233846
304,304,1994-12-01,0.0610264913104613,-1.2861891389359132,1969,0.2084608537903664,25000.0,25000.0,25000.0,25000.0,25000.0,23333.333333333332,2886.751345948078
305,305,1994-12-01,0.6807795732595588,-1.2861891389359132,1969,0.2084608537903664,25000.0,25000.0,25000.0,25000.0,25000.0,23333.333333333332,2886.751345948078
306,306,1994-12-01,0.0610264913104613,-1.2861891389359132,1969,0.2084608537903664,25000.0,25000.0,25000.0,25000.0,25000.0,25000.0,0.0
310,310,1995-01-01,-1.1784796725877336,-1.2861891389359132,1969,0.0761528506579149,33000.0,28000.0,28000.0,28000.0,28000.0,29000.0,3605.5512754639485
314,314,1995-02-01,0.0610264913104613,-1.2861891389359132,1969,0.0761528506579149,32500.0,30500.0,30500.0,30500.0,30500.0,33166.666666666664,4536.885862938701
315,315,1995-02-01,-0.5587265906386362,-1.2861891389359132,1969,0.0761528506579149,31000.0,30500.0,30500.0,30500.0,30500.0,33833.333333333336,3685.5573979159594
316,316,1995-02-01,0.0610264913104613,0.7184602031295791,1975,0.8700008694526244,25000.0,30500.0,30500.0,30500.0,30500.0,29500.0,3968.6269665968553
320,320,1995-03-01,0.6807795732595588,-1.2861891389359132,1969,0.0761528506579149,30000.0,30500.0,30500.0,30500.0,30500.0,32000.0,5291.502622129157
321,321,1995-03-01,0.0610264913104613,0.7184602031295791,1975,0.8700008694526244,31000.0,30500.0,30500.0,30500.0,30500.0,29666.666666666668,1527.5252316518895
322,322,1995-03-01,0.0610264913104613,-1.2861891389359132,1969,0.0761528506579149,30000.0,30500.0,30500.0,30500.0,30500.0,30333.333333333332,577.3502691894591
329,329,1995-05-01,0.6807795732595588,-1.2861891389359132,1969,0.0761528506579149,35000.0,35000.0,35000.0,35000.0,35000.0,35000.0,0.0
330,330,1995-05-01,0.0610264913104613,-1.2861891389359132,1969,0.0761528506579149,26000.0,35000.0,35000.0,35000.0,35000.0,32000.0,5196.15242270661
331,331,1995-05-01,-1.1784796725877336,-1.2861891389359132,1969,0.0761528506579149,39000.0,35000.0,35000.0,35000.0,35000.0,33333.333333333336,6658.328118479373
335,335,1995-06-01,-1.1784796725877336,-1.2861891389359132,1969,0.0761528506579149,25500.0,31000.0,31000.0,31000.0,31000.0,34666.666666666664,8779.7114607106
336,336,1995-06-01,-1.1784796725877336,-1.2861891389359132,1969,0.0761528506579149,31000.0,31000.0,31000.0,31000.0,31000.0,33166.666666666664,8948.929172439186
340,340,1995-07-01,0.6807795732595588,0.7184602031295791,1975,0.8700008694526244,34500.0,34000.0,34000.0,34000.0,34000.0,36833.333333333336,4481.443219916212
341,341,1995-07-01,-1.1784796725877336,-1.2861891389359132,1969,0.0761528506579149,34000.0,34000.0,34000.0,34000.0,34000.0,34166.666666666664,288.67513459434656
345,345,1995-08-01,0.0610264913104613,-1.2861891389359132,1969,0.0761528506579149,35000.0,35500.0,35500.0,35500.0,35500.0,42333.333333333336,7505.5534994651025
346,346,1995-08-01,-0.5587265906386362,-1.2861891389359132,1969,0.0761528506579149,36000.0,35500.0,35500.0,35500.0,35500.0,37666.666666666664,3785.9388972001366
347,347,1995-08-01,-0.5587265906386362,-1.2861891389359132,1969,0.0761528506579149,32000.0,35500.0,35500.0,35500.0,35500.0,34333.333333333336,2081.665999466075
348,348,1995-08-01,0.0610264913104613,0.7184602031295791,1975,0.8700008694526244,34000.0,35500.0,35500.0,35500.0,35500.0,34000.0,1999.999999999942
349,349,1995-08-01,-1.1784796725877336,0.7184602031295791,1975,0.8700008694526244,28500.0,35500.0,35500.0,35500.0,35500.0,31500.0,2783.8821814149824
356,356,1995-10-01,0.0610264913104613,0.7184602031295791,1977,1.1346168757175277,49500.0,36000.0,36000.0,36000.0,36000.0,46000.0,3774.9172176352927
357,357,1995-10-01,-1.1784796725877336,-1.2861891389359132,1969,0.0761528506579149,37500.0,36000.0,36000.0,36000.0,36000.0,43000.0,6062.177826491025
358,358,1995-10-01,-1.1784796725877336,-1.2861891389359132,1969,0.0761528506579149,35000.0,36000.0,36000.0,36000.0,36000.0,40666.666666666664,7751.34396948896
359,359,1995-10-01,-0.5587265906386362,-1.2861891389359132,1969,0.0761528506579149,33000.0,36000.0,36000.0,36000.0,36000.0,35166.666666666664,2254.624876411384
360,360,1995-10-01,0.0610264913104613,-1.2861891389359132,1969,0.0761528506579149,35000.0,36000.0,36000.0,36000.0,36000.0,34333.333333333336,1154.7005383791407
361,361,1995-10-01,0.6807795732595588,-1.2861891389359132,1969,0.0761528506579149,36000.0,36000.0,36000.0,36000.0,36000.0,34666.666666666664,1527.525231651859
362,362,1995-10-01,0.6807795732595588,0.7184602031295791,1975,0.8700008694526244,33000.0,36000.0,36000.0,36000.0,36000.0,34666.666666666664,1527.525231651859
363,363,1995-10-01,-1.1784796725877336,0.7184602031295791,1975,0.8700008694526244,30000.0,36000.0,36000.0,36000.0,36000.0,33000.0,2999.9999999999627
367,367,1995-11-01,0.6807795732595588,0.7184602031295791,1977,1.1346168757175277,55000.0,40000.0,40000.0,40000.0,40000.0,47666.666666666664,7505.553499465092
368,368,1995-11-01,0.6807795732595588,0.7184602031295791,1977,1.1346168757175277,50000.0,40000.0,40000.0,40000.0,40000.0,48333.333333333336,7637.62615825969
369,369,1995-11-01,0.0610264913104613,0.7184602031295791,1977,1.1346168757175277,45000.0,40000.0,40000.0,40000.0,40000.0,50000.0,4999.999999999927
370,370,1995-11-01,-0.5587265906386362,0.7184602031295791,1977,1.1346168757175277,39000.0,40000.0,40000.0,40000.0,40000.0,44666.666666666664,5507.57054728605
371,371,1995-11-01,0.6807795732595588,0.7184602031295791,1975,0.8700008694526244,38000.0,40000.0,40000.0,40000.0,40000.0,40666.666666666664,3785.9388972001243
372,372,1995-11-01,-0.5587265906386362,0.7184602031295791,1975,0.8700008694526244,35000.0,40000.0,40000.0,40000.0,40000.0,37333.333333333336,2081.6659994660517
373,373,1995-11-01,-1.1784796725877336,0.7184602031295791,1975,0.8700008694526244,40000.0,40000.0,40000.0,40000.0,40000.0,37666.666666666664,2516.6114784235137
374,374,1995-11-01,-0.5587265906386362,0.7184602031295791,1975,0.8700008694526244,38000.0,40000.0,40000.0,40000.0,40000.0,37666.666666666664,2516.6114784235137
375,375,1995-11-01,0.6807795732595588,-1.2861891389359132,1969,0.0761528506579149,40000.0,40000.0,40000.0,40000.0,40000.0,39333.333333333336,1154.7005383790772
376,376,1995-11-01,-1.1784796725877336,-1.2861891389359132,1969,0.0761528506579149,28000.0,40000.0,40000.0,40000.0,40000.0,35333.333333333336,6429.100507328614
380,380,1995-12-01,0.0610264913104613,0.7184602031295791,1977,1.1346168757175277,50000.0,40000.0,40000.0,40000.0,40000.0,55833.333333333336,5107.18448201476
381,381,1995-12-01,0.0610264913104613,-1.2861891389359132,1969,0.0761528506579149,38000.0,40000.0,40000.0,40000.0,40000.0,49166.666666666664,10774.197572595956
382,382,1995-12-01,-0.5587265906386362,-1.2861891389359132,1969,0.0761528506579149,34000.0,40000.0,40000.0,40000.0,40000.0,40666.666666666664,8326.663997864503
383,383,1995-12-01,0.0610264913104613,-1.2861891389359132,1969,0.0761528506579149,37000.0,40000.0,40000.0,40000.0,40000.0,36333.333333333336,2081.665999466059
384,384,1995-12-01,-0.5587265906386362,-1.2861891389359132,1969,0.0761528506579149,40000.0,40000.0,40000.0,40000.0,40000.0,37000.0,2999.999999999947
385,385,1995-12-01,0.6807795732595588,0.7184602031295791,1975,0.8700008694526244,40000.0,40000.0,40000.0,40000.0,40000.0,39000.0,1732.05080756877
389,389,1996-01-01,0.0610264913104613,-1.2861891389359132,1969,-0.0561551524745366,45000.0,43000.0,43000.0,43000.0,43000.0,49933.333333333336,7695.020034628411
390,390,1996-01-01,0.0610264913104613,-1.2861891389359132,1969,-0.0561551524745366,38000.0,43000.0,43000.0,43000.0,43000.0,47266.666666666664,10583.63516629956
391,391,1996-01-01,-1.1784796725877336,-1.2861891389359132,1969,-0.0561551524745366,39000.0,43000.0,43000.0,43000.0,43000.0,40666.666666666664,3785.938897200129
392,392,1996-01-01,0.6807795732595588,0.7184602031295791,1975,0.7376928663201728,38000.0,43000.0,43000.0,43000.0,43000.0,38333.333333333336,577.3502691893397
393,393,1996-01-01,0.0610264913104613,-1.2861891389359132,1969,-0.0561551524745366,41000.0,43000.0,43000.0,43000.0,43000.0,39333.333333333336,1527.5252316518288
397,397,1996-02-01,0.0610264913104613,0.7184602031295791,1975,0.7376928663201728,41000.0,39750.0,39750.0,39750.0,39750.0,41000.0,0.0
398,398,1996-02-01,-1.1784796725877336,0.7184602031295791,1975,0.7376928663201728,40000.0,39750.0,39750.0,39750.0,39750.0,40666.666666666664,577.3502691892771
399,399,1996-02-01,0.0610264913104613,0.7184602031295791,1975,0.7376928663201728,33000.0,39750.0,39750.0,39750.0,39750.0,38000.0,4358.898943540635
400,400,1996-02-01,0.0610264913104613,0.7184602031295791,1975,0.7376928663201728,39500.0,39750.0,39750.0,39750.0,39750.0,37500.0,3905.124837953286
401,401,1996-02-01,-0.5587265906386362,-1.2861891389359132,1969,-0.0561551524745366,32000.0,39750.0,39750.0,39750.0,39750.0,34833.333333333336,4072.2639076235077
405,405,1996-03-01,0.6807795732595588,-1.2861891389359132,1969,-0.0561551524745366,41000.0,40000.0,40000.0,40000.0,40000.0,40433.333333333336,513.1601439443319
406,406,1996-03-01,-0.5587265906386362,-1.2861891389359132,1969,-0.0561551524745366,37500.0,40000.0,40000.0,40000.0,40000.0,39600.0,1852.02591774512
407,407,1996-03-01,0.6807795732595588,-1.2861891389359132,1969,-0.0561551524745366,40000.0,40000.0,40000.0,40000.0,40000.0,39500.0,1802.7756377318995
408,408,1996-03-01,-0.5587265906386362,-1.2861891389359132,1969,-0.0561551524745366,39000.0,40000.0,40000.0,40000.0,40000.0,38833.333333333336,1258.3057392116618
412,412,1996-04-01,0.0610264913104613,0.7184602031295791,1977,1.002308872585076,47000.0,47500.0,47500.0,47500.0,47500.0,57833.333333333336,10299.676370320205
413,413,1996-04-01,-0.5587265906386362,0.7184602031295791,1977,1.002308872585076,48000.0,47500.0,47500.0,47500.0,47500.0,54166.666666666664,11557.825631723837
414,414,1996-04-01,0.6807795732595588,-1.2861891389359132,1969,-0.0561551524745366,45000.0,47500.0,47500.0,47500.0,47500.0,46666.666666666664,1527.5252316517558
415,415,1996-04-01,0.0610264913104613,0.7184602031295791,1975,0.7376928663201728,46000.0,47500.0,47500.0,47500.0,47500.0,46333.333333333336,1527.525231651759
416,416,1996-04-01,-0.5587265906386362,0.7184602031295791,1975,0.7376928663201728,45000.0,47500.0,47500.0,47500.0,47500.0,45333.333333333336,577.3502691891547
420,420,1996-05-01,-1.1784796725877336,0.7184602031295791,1977,1.002308872585076,50000.0,48000.0,48000.0,48000.0,48000.0,60000.0,9999.999999999953
421,421,1996-05-01,0.6807795732595588,0.7184602031295791,1977,1.002308872585076,57000.0,48000.0,48000.0,48000.0,48000.0,55666.666666666664,5131.601439446802
422,422,1996-05-01,-0.5587265906386362,0.7184602031295791,1977,1.002308872585076,52000.0,48000.0,48000.0,48000.0,48000.0,53000.0,3605.5512754638844
423,423,1996-05-01,0.0610264913104613,-1.2861891389359132,1969,-0.0561551524745366,39000.0,48000.0,48000.0,48000.0,48000.0,49333.333333333336,9291.573243177534
424,424,1996-05-01,-0.5587265906386362,-1.2861891389359132,1969,-0.0561551524745366,41000.0,48000.0,48000.0,48000.0,48000.0,44000.0,6999.9999999999645
425,425,1996-05-01,-0.5587265906386362,-1.2861891389359132,1969,-0.0561551524745366,40000.0,48000.0,48000.0,48000.0,48000.0,40000.0,999.9999999998025
426,426,1996-05-01,0.6807795732595588,0.7184602031295791,1975,0.7376928663201728,46000.0,48000.0,48000.0,48000.0,48000.0,42333.333333333336,3214.5502536642466
427,427,1996-05-01,0.0610264913104613,0.7184602031295791,1975,0.7376928663201728,48000.0,48000.0,48000.0,48000.0,48000.0,44666.666666666664,4163.331998932202
431,431,1996-06-01,-0.5587265906386362,0.7184602031295791,1975,0.7376928663201728,35000.0,49000.0,49000.0,49000.0,49000.0,48666.666666666664,13051.181300301236
432,432,1996-06-01,-1.1784796725877336,0.7184602031295791,1975,0.7376928663201728,40000.0,49000.0,49000.0,49000.0,49000.0,41666.666666666664,7637.6261582597035
433,433,1996-06-01,-0.5587265906386362,-1.2861891389359132,1969,-0.0561551524745366,44000.0,49000.0,49000.0,49000.0,49000.0,39666.666666666664,4509.249752822851
434,434,1996-06-01,0.6807795732595588,-1.2861891389359132,1969,-0.0561551524745366,48000.0,49000.0,49000.0,49000.0,49000.0,44000.0,3999.999999999936
435,435,1996-06-01,0.0610264913104613,-1.2861891389359132,1969,-0.0561551524745366,54000.0,49000.0,49000.0,49000.0,49000.0,48666.666666666664,5033.222956847102
439,439,1996-07-01,0.0610264913104613,0.7184602031295791,1975,0.7376928663201728,40000.0,51500.0,51500.0,51500.0,51500.0,46833.333333333336,6525.590650150583
440,440,1996-07-01,-0.5587265906386362,-1.2861891389359132,1969,-0.0561551524745366,60000.0,51500.0,51500.0,51500.0,51500.0,49166.666666666664,10103.629710818415
441,441,1996-07-01,-1.1784796725877336,-1.2861891389359132,1969,-0.0561551524745366,57300.0,51500.0,51500.0,51500.0,51500.0,52433.333333333336,10851.881557284549
442,442,1996-07-01,-1.1784796725877336,-2.2885138099686597,1969,-0.0561551524745366,50000.0,51500.0,51500.0,51500.0,51500.0,55766.666666666664,5173.32903779882
443,443,1996-07-01,0.0610264913104613,-1.2861891389359132,1969,-0.0561551524745366,50000.0,51500.0,51500.0,51500.0,51500.0,52433.333333333336,4214.656965084177
447,447,1996-08-01,-0.5587265906386362,-1.2861891389359132,1969,-0.0561551524745366,52000.0,50000.0,50000.0,50000.0,50000.0,45666.666666666664,6027.71377334166
448,448,1996-08-01,-1.1784796725877336,0.7184602031295791,1975,0.7376928663201728,50000.0,50000.0,50000.0,50000.0,50000.0,47333.333333333336,6429.100507328588
449,449,1996-08-01,0.6807795732595588,0.7184602031295791,1975,0.7376928663201728,50000.0,50000.0,50000.0,50000.0,50000.0,50666.666666666664,1154.700538378937
453,453,1996-09-01,0.6807795732595588,-1.2861891389359132,1969,-0.0561551524745366,58000.0,57500.0,57500.0,57500.0,57500.0,54000.0,7810.249675906603
454,454,1996-09-01,-1.1784796725877336,0.7184602031295791,1975,0.7376928663201728,52000.0,57500.0,57500.0,57500.0,57500.0,51666.666666666664,6506.407098647655
455,455,1996-09-01,-1.1784796725877336,0.7184602031295791,1975,0.7376928663201728,60000.0,57500.0,57500.0,57500.0,57500.0,56666.666666666664,4163.331998932157
456,456,1996-09-01,-1.1784796725877336,0.7184602031295791,1975,0.7376928663201728,63000.0,57500.0,57500.0,57500.0,57500.0,58333.333333333336,5686.240703077244
457,457,1996-09-01,0.0610264913104613,0.7184602031295791,1975,0.7376928663201728,67000.0,57500.0,57500.0,57500.0,57500.0,63333.333333333336,3511.884584284091
458,458,1996-09-01,0.0610264913104613,0.7184602031295791,1975,0.7376928663201728,52000.0,57500.0,57500.0,57500.0,57500.0,60666.666666666664,7767.453465153965
459,459,1996-09-01,0.6807795732595588,0.7184602031295791,1975,0.7376928663201728,55000.0,57500.0,57500.0,57500.0,57500.0,58000.0,7937.253933193713
463,463,1996-10-01,-1.1784796725877336,0.7184602031295791,1977,1.002308872585076,97000.0,62000.0,62000.0,62000.0,62000.0,116333.33333333333,17785.762095938764
464,464,1996-10-01,0.0610264913104613,0.7184602031295791,1977,1.002308872585076,130000.0,62000.0,62000.0,62000.0,62000.0,119666.66666666667,19655.363983740725
465,465,1996-10-01,0.6807795732595588,0.7184602031295791,1977,1.002308872585076,64000.0,62000.0,62000.0,62000.0,62000.0,97000.0,32999.99999999998
466,466,1996-10-01,0.0610264913104613,-1.2861891389359132,1969,-0.0561551524745366,47000.0,62000.0,62000.0,62000.0,62000.0,80333.33333333333,43844.421918110995
467,467,1996-10-01,-0.5587265906386362,-1.2861891389359132,1969,-0.0561551524745366,50000.0,62000.0,62000.0,62000.0,62000.0,53666.666666666664,9073.771725877374
468,468,1996-10-01,0.6807795732595588,-1.2861891389359132,1969,-0.0561551524745366,45000.0,62000.0,62000.0,62000.0,62000.0,47333.333333333336,2516.6114784232436
469,469,1996-10-01,-1.1784796725877336,-1.2861891389359132,1969,-0.0561551524745366,58500.0,62000.0,62000.0,62000.0,62000.0,51166.666666666664,6825.198409814298
470,470,1996-10-01,-1.1784796725877336,-1.2861891389359132,1969,-0.0561551524745366,60000.0,62000.0,62000.0,62000.0,62000.0,54500.0,8261.35582092905
471,471,1996-10-01,-1.1784796725877336,-1.2861891389359132,1969,-0.0561551524745366,60500.0,62000.0,62000.0,62000.0,62000.0,59666.666666666664,1040.832999732251
472,472,1996-10-01,0.0610264913104613,-1.2861891389359132,1969,-0.0561551524745366,70000.0,62000.0,62000.0,62000.0,62000.0,63500.0,5634.713834792172
473,473,1996-10-01,0.6807795732595588,-1.2861891389359132,1969,-0.0561551524745366,53000.0,62000.0,62000.0,62000.0,62000.0,61166.666666666664,8519.585279421271
474,474,1996-10-01,-1.1784796725877336,0.7184602031295791,1975,0.7376928663201728,54500.0,62000.0,62000.0,62000.0,62000.0,59166.666666666664,9411.871935663576
475,475,1996-10-01,0.6807795732595588,0.7184602031295791,1975,0.7376928663201728,64000.0,62000.0,62000.0,62000.0,62000.0,57166.666666666664,5965.176722724283
476,476,1996-10-01,0.6807795732595588,-1.2861891389359132,1969,-0.0561551524745366,62000.0,62000.0,62000.0,62000.0,62000.0,60166.666666666664,5008.326400438736
480,480,1996-11-01,-0.5587265906386362,-1.2861891389359132,1969,-0.0561551524745366,50000.0,62500.0,62500.0,62500.0,62500.0,59666.666666666664,8504.900548115267
481,481,1996-11-01,-0.5587265906386362,-1.2861891389359132,1969,-0.0561551524745366,43500.0,62500.0,62500.0,62500.0,62500.0,52166.666666666664,9928.914005737553
482,482,1996-11-01,0.6807795732595588,-1.2861891389359132,1969,-0.0561551524745366,50000.0,62500.0,62500.0,62500.0,62500.0,47833.333333333336,3752.776749732299
483,483,1996-11-01,0.6807795732595588,-1.2861891389359132,1969,-0.0561551524745366,62000.0,62500.0,62500.0,62500.0,62500.0,51833.333333333336,9385.272150200617
484,484,1996-11-01,-0.5587265906386362,0.7184602031295791,1975,0.7376928663201728,68000.0,62500.0,62500.0,62500.0,62500.0,60000.0,9165.151389911567
485,485,1996-11-01,0.6807795732595588,0.7184602031295791,1975,0.7376928663201728,63000.0,62500.0,62500.0,62500.0,62500.0,64333.333333333336,3214.550253663999
486,486,1996-11-01,0.6807795732595588,0.7184602031295791,1975,0.7376928663201728,57000.0,62500.0,62500.0,62500.0,62500.0,62666.666666666664,5507.5705472859145
490,490,1996-12-01,0.0610264913104613,-1.2861891389359132,1969,-0.0561551524745366,58000.0,65500.0,65500.0,65500.0,65500.0,98666.66666666667,40016.663195890425
491,491,1996-12-01,-0.5587265906386362,-1.2861891389359132,1969,-0.0561551524745366,63000.0,65500.0,65500.0,65500.0,65500.0,86333.33333333333,44814.43219916249
492,492,1996-12-01,-1.1784796725877336,-2.2885138099686597,1969,-0.0561551524745366,53000.0,65500.0,65500.0,65500.0,65500.0,58000.0,4999.9999999998045
493,493,1996-12-01,-1.1784796725877336,-1.2861891389359132,1969,-0.0561551524745366,65500.0,65500.0,65500.0,65500.0,65500.0,60500.0,6614.378277661333
494,494,1996-12-01,0.0610264913104613,0.7184602031295791,1975,0.7376928663201728,65000.0,65500.0,65500.0,65500.0,65500.0,61166.666666666664,7076.9579151872495
495,495,1996-12-01,-1.1784796725877336,0.7184602031295791,1975,0.7376928663201728,67000.0,65500.0,65500.0,65500.0,65500.0,65833.33333333333,1040.8329997322314
499,499,1997-01-01,-1.1784796725877336,0.7184602031295791,1977,0.8700008694526244,128500.0,65000.0,65000.0,65000.0,65000.0,122500.0,5766.281297335243
500,500,1997-01-01,-1.1784796725877336,-1.2861891389359132,1969,-0.1884631556069883,65000.0,65000.0,65000.0,65000.0,65000.0,105166.66666666667,34936.84778759142
501,501,1997-01-01,0.0610264913104613,0.7184602031295791,1975,0.6053848631877212,61000.0,65000.0,65000.0,65000.0,65000.0,84833.33333333333,37869.29274931513
502,502,1997-01-01,0.0610264913104613,0.7184602031295791,1975,0.6053848631877212,65000.0,65000.0,65000.0,65000.0,65000.0,63666.666666666664,2309.40107675804
503,503,1997-01-01,0.6807795732595588,0.7184602031295791,1975,0.6053848631877212,57000.0,65000.0,65000.0,65000.0,65000.0,61000.0,3999.999999999732
504,504,1997-01-01,0.0610264913104613,0.7184602031295791,1975,0.6053848631877212,75000.0,65000.0,65000.0,65000.0,65000.0,65666.66666666667,9018.499505645668
505,505,1997-01-01,0.6807795732595588,0.7184602031295791,1975,0.6053848631877212,55000.0,65000.0,65000.0,65000.0,65000.0,62333.333333333336,11015.141094572105
506,506,1997-01-01,-1.1784796725877336,-1.2861891389359132,1969,-0.1884631556069883,52000.0,65000.0,65000.0,65000.0,65000.0,60666.666666666664,12503.33288900728
510,510,1997-02-01,0.0610264913104613,0.7184602031295791,1977,0.8700008694526244,115000.0,68000.0,68000.0,68000.0,68000.0,117000.0,1732.0508075682578
511,511,1997-02-01,-1.1784796725877336,0.7184602031295791,1977,0.8700008694526244,85000.0,68000.0,68000.0,68000.0,68000.0,106000.0,18248.2875908946
512,512,1997-02-01,-1.1784796725877336,0.7184602031295791,1975,0.6053848631877212,56000.0,68000.0,68000.0,68000.0,68000.0,85333.33333333333,29501.412395567288
513,513,1997-02-01,-1.1784796725877336,0.7184602031295791,1975,0.6053848631877212,67000.0,68000.0,68000.0,68000.0,68000.0,69333.33333333333,14640.127503998418
514,514,1997-02-01,0.6807795732595588,-1.2861891389359132,1969,-0.1884631556069883,65000.0,68000.0,68000.0,68000.0,68000.0,62666.666666666664,5859.465277082102
515,515,1997-02-01,-0.5587265906386362,-1.2861891389359132,1969,-0.1884631556069883,60000.0,68000.0,68000.0,68000.0,68000.0,64000.0,3605.551275463645
516,516,1997-02-01,-0.5587265906386362,-1.2861891389359132,1969,-0.1884631556069883,48000.0,68000.0,68000.0,68000.0,68000.0,57666.666666666664,8736.894948053961
517,517,1997-02-01,-1.1784796725877336,0.7184602031295791,1975,0.6053848631877212,68000.0,68000.0,68000.0,68000.0,68000.0,58666.666666666664,10066.44591369421
521,521,1997-03-01,-0.5587265906386362,-1.2861891389359132,1969,-0.1884631556069883,72000.0,72000.0,72000.0,72000.0,72000.0,66500.0,9962.42942258551
522,522,1997-03-01,0.6807795732595588,0.7184602031295791,1977,0.8700008694526244,116000.0,72000.0,72000.0,72000.0,72000.0,81000.0,31480.15247739435
523,523,1997-03-01,-0.5587265906386362,0.7184602031295791,1977,0.8700008694526244,125000.0,72000.0,72000.0,72000.0,72000.0,104333.33333333333,28360.771028541007
524,524,1997-03-01,0.6807795732595588,0.7184602031295791,1977,0.8700008694526244,142000.0,72000.0,72000.0,72000.0,72000.0,127666.66666666667,13203.534880225481
525,525,1997-03-01,-0.5587265906386362,0.7184602031295791,1977,0.8700008694526244,125000.0,72000.0,72000.0,72000.0,72000.0,130666.66666666667,9814.954576223514
526,526,1997-03-01,0.0610264913104613,0.7184602031295791,1977,0.8700008694526244,100000.0,72000.0,72000.0,72000.0,72000.0,122333.33333333333,21126.60250332104
527,527,1997-03-01,0.0610264913104613,0.7184602031295791,1977,0.8700008694526244,60000.0,72000.0,72000.0,72000.0,72000.0,95000.0,32787.19262150997
528,528,1997-03-01,0.6807795732595588,0.7184602031295791,1977,0.8700008694526244,111000.0,72000.0,72000.0,72000.0,72000.0,90333.33333333333,26839.02631120084
529,529,1997-03-01,0.6807795732595588,-1.2861891389359132,1969,-0.1884631556069883,68000.0,72000.0,72000.0,72000.0,72000.0,79666.66666666667,27428.695436227565
530,530,1997-03-01,0.0610264913104613,-1.2861891389359132,1969,-0.1884631556069883,66000.0,72000.0,72000.0,72000.0,72000.0,81666.66666666667,25423.086620891077
531,531,1997-03-01,0.0610264913104613,-1.2861891389359132,1969,-0.1884631556069883,72000.0,72000.0,72000.0,72000.0,72000.0,68666.66666666667,3055.050463303501
532,532,1997-03-01,-0.5587265906386362,-1.2861891389359132,1969,-0.1884631556069883,53500.0,72000.0,72000.0,72000.0,72000.0,63833.333333333336,9438.39675651172
533,533,1997-03-01,-1.1784796725877336,-2.2885138099686597,1969,-0.1884631556069883,66000.0,72000.0,72000.0,72000.0,72000.0,63833.333333333336,9438.39675651172
534,534,1997-03-01,0.0610264913104613,0.7184602031295791,1975,0.6053848631877212,75000.0,72000.0,72000.0,72000.0,72000.0,64833.333333333336,10797.376224496902
535,535,1997-03-01,-0.5587265906386362,0.7184602031295791,1975,0.6053848631877212,70000.0,72000.0,72000.0,72000.0,72000.0,70333.33333333333,4509.249752822629
539,539,1997-04-01,-1.1784796725877336,-1.2861891389359132,1969,-0.1884631556069883,55000.0,66000.0,66000.0,66000.0,66000.0,60333.333333333336,5507.570547285887
540,540,1997-04-01,0.0610264913104613,-1.2861891389359132,1969,-0.1884631556069883,60500.0,66000.0,66000.0,66000.0,66000.0,58500.0,3041.3812651487224
541,541,1997-04-01,-0.5587265906386362,-1.2861891389359132,1969,-0.1884631556069883,62500.0,66000.0,66000.0,66000.0,66000.0,59333.333333333336,3883.72673257671
542,542,1997-04-01,0.6807795732595588,0.7184602031295791,1977,0.8700008694526244,120000.0,66000.0,66000.0,66000.0,66000.0,81000.0,33789.791357745875
543,543,1997-04-01,-0.5587265906386362,0.7184602031295791,1977,0.8700008694526244,110000.0,66000.0,66000.0,66000.0,66000.0,97500.0,30720.51431861123
544,544,1997-04-01,0.0610264913104613,-1.2861891389359132,1969,-0.1884631556069883,62000.0,66000.0,66000.0,66000.0,66000.0,97333.33333333333,31005.37587795592
545,545,1997-04-01,0.0610264913104613,-1.2861891389359132,1969,-0.1884631556069883,62000.0,66000.0,66000.0,66000.0,66000.0,78000.0,27712.812921101988
546,546,1997-04-01,0.6807795732595588,-1.2861891389359132,1969,-0.1884631556069883,62800.0,66000.0,66000.0,66000.0,66000.0,62266.666666666664,461.88021534886263
547,547,1997-04-01,-1.1784796725877336,0.7184602031295791,1975,0.6053848631877212,75000.0,66000.0,66000.0,66000.0,66000.0,66600.0,7285.602240034614
548,548,1997-04-01,0.0610264913104613,0.7184602031295791,1975,0.6053848631877212,74500.0,66000.0,66000.0,66000.0,66000.0,70766.66666666667,6903.863652573876
549,549,1997-04-01,-1.1784796725877336,0.7184602031295791,1975,0.6053848631877212,70000.0,66000.0,66000.0,66000.0,66000.0,73166.66666666667,2753.785273642569
550,550,1997-04-01,0.6807795732595588,0.7184602031295791,1975,0.6053848631877212,70000.0,66000.0,66000.0,66000.0,66000.0,71500.0,2598.0762113528062
551,551,1997-04-01,0.0610264913104613,0.7184602031295791,1975,0.6053848631877212,80000.0,66000.0,66000.0,66000.0,66000.0,73333.33333333333,5773.50269189603
552,552,1997-04-01,-0.5587265906386362,0.7184602031295791,1975,0.6053848631877212,70000.0,66000.0,66000.0,66000.0,66000.0,73333.33333333333,5773.50269189603
553,553,1997-04-01,-1.1784796725877336,0.7184602031295791,1975,0.6053848631877212,70000.0,66000.0,66000.0,66000.0,66000.0,73333.33333333333,5773.50269189603
554,554,1997-04-01,-0.5587265906386362,0.7184602031295791,1975,0.6053848631877212,63000.0,66000.0,66000.0,66000.0,66000.0,67666.66666666667,4041.451884327055
558,558,1997-05-01,0.0610264913104613,-1.2861891389359132,1969,-0.1884631556069883,63500.0,63500.0,63500.0,63500.0,63500.0,63266.666666666664,251.6611478372261
559,559,1997-05-01,-0.5587265906386362,-1.2861891389359132,1969,-0.1884631556069883,67000.0,63500.0,63500.0,63500.0,63500.0,64500.0,2179.449471769744
560,560,1997-05-01,0.6807795732595588,-1.2861891389359132,1969,-0.1884631556069883,55000.0,63500.0,63500.0,63500.0,63500.0,61833.333333333336,6171.1695271909975
561,561,1997-05-01,-0.5587265906386362,-1.2861891389359132,1969,-0.1884631556069883,67800.0,63500.0,63500.0,63500.0,63500.0,63266.666666666664,7170.309151865823
565,565,1997-06-01,0.0610264913104613,0.7184602031295791,1975,0.6053848631877212,75000.0,63750.0,63750.0,63750.0,63750.0,67500.0,6499.999999999805
566,566,1997-06-01,-1.1784796725877336,0.7184602031295791,1975,0.6053848631877212,51000.0,63750.0,63750.0,63750.0,63750.0,63333.333333333336,12013.880860626628
567,567,1997-06-01,-1.1784796725877336,0.7184602031295791,1975,0.6053848631877212,51000.0,63750.0,63750.0,63750.0,63750.0,59000.0,13856.406460550927
571,571,1997-07-01,-0.5587265906386362,-1.2861891389359132,1969,-0.1884631556069883,63000.0,63000.0,63000.0,63000.0,63000.0,60333.333333333336,2516.611478423077
572,572,1997-07-01,0.0610264913104613,0.7184602031295791,1975,0.6053848631877212,66000.0,63000.0,63000.0,63000.0,63000.0,63000.0,2999.999999999575
573,573,1997-07-01,0.0610264913104613,0.7184602031295791,1975,0.6053848631877212,65000.0,63000.0,63000.0,63000.0,63000.0,64666.666666666664,1527.5252316511117
574,574,1997-07-01,0.0610264913104613,0.7184602031295791,1975,0.6053848631877212,75000.0,63000.0,63000.0,63000.0,63000.0,68666.66666666667,5507.570547285869
575,575,1997-07-01,0.6807795732595588,0.7184602031295791,1975,0.6053848631877212,60000.0,63000.0,63000.0,63000.0,63000.0,66666.66666666667,7637.626158259566
576,576,1997-07-01,-0.5587265906386362,0.7184602031295791,1975,0.6053848631877212,66000.0,63000.0,63000.0,63000.0,63000.0,67000.0,7549.834435270581
577,577,1997-07-01,-1.1784796725877336,0.7184602031295791,1975,0.6053848631877212,63000.0,63000.0,63000.0,63000.0,63000.0,63000.0,2999.999999999574
578,578,1997-07-01,0.0610264913104613,0.7184602031295791,1975,0.6053848631877212,69000.0,63000.0,63000.0,63000.0,63000.0,66000.0,2999.999999999574
582,582,1997-08-01,-0.5587265906386362,-1.2861891389359132,1969,-0.1884631556069883,64000.0,66000.0,66000.0,66000.0,66000.0,61666.666666666664,2516.6114784230786
583,583,1997-08-01,-0.5587265906386362,0.7184602031295791,1975,0.6053848631877212,74000.0,66000.0,66000.0,66000.0,66000.0,66666.66666666667,6429.100507328438
584,584,1997-08-01,0.0610264913104613,-1.2861891389359132,1969,-0.1884631556069883,67000.0,66000.0,66000.0,66000.0,66000.0,68333.33333333333,5131.601439446633
585,585,1997-08-01,-1.1784796725877336,0.7184602031295791,1975,0.6053848631877212,72000.0,66000.0,66000.0,66000.0,66000.0,71000.0,3605.5512754636334
586,586,1997-08-01,-0.5587265906386362,0.7184602031295791,1975,0.6053848631877212,70000.0,66000.0,66000.0,66000.0,66000.0,69666.66666666667,2516.611478423073
590,590,1997-09-01,-0.5587265906386362,-1.2861891389359132,1969,-0.1884631556069883,60000.0,64000.0,64000.0,64000.0,64000.0,63000.0,2645.7513110640894
591,591,1997-09-01,0.0610264913104613,0.7184602031295791,1975,0.6053848631877212,70000.0,64000.0,64000.0,64000.0,64000.0,64666.666666666664,5033.222956846908
592,592,1997-09-01,-1.1784796725877336,-2.2885138099686597,1969,-0.1884631556069883,57000.0,64000.0,64000.0,64000.0,64000.0,62333.333333333336,6806.859285553849
593,593,1997-09-01,0.6807795732595588,0.7184602031295791,1977,0.8700008694526244,60000.0,64000.0,64000.0,64000.0,64000.0,62333.333333333336,6806.859285553849
597,597,1997-10-01,0.0610264913104613,-1.2861891389359132,1969,-0.1884631556069883,61000.0,63000.0,63000.0,63000.0,63000.0,59679.333333333336,4142.038306598643
598,598,1997-10-01,-0.5587265906386362,0.7184602031295791,1975,0.6053848631877212,60000.0,63000.0,63000.0,63000.0,63000.0,58679.333333333336,3192.8797868586475
599,599,1997-10-01,0.6807795732595588,0.7184602031295791,1975,0.6053848631877212,68000.0,63000.0,63000.0,63000.0,63000.0,63000.0,4358.898943540365
600,600,1997-10-01,-1.1784796725877336,0.7184602031295791,1975,0.6053848631877212,63000.0,63000.0,63000.0,63000.0,63000.0,63666.666666666664,4041.4518843270494
601,601,1997-10-01,0.6807795732595588,0.7184602031295791,1975,0.6053848631877212,69000.0,63000.0,63000.0,63000.0,63000.0,66666.66666666667,3214.550253663916
602,602,1997-10-01,0.0610264913104613,0.7184602031295791,1975,0.6053848631877212,68000.0,63000.0,63000.0,63000.0,63000.0,66666.66666666667,3214.550253663916
611,611,1998-01-01,0.0610264913104613,0.7184602031295791,1975,0.4730768600552696,69000.0,55500.0,55500.0,55500.0,55500.0,60000.0,12288.205727444401
615,615,1998-03-01,-1.1784796725877336,-2.2885138099686597,1969,-0.3207711587394399,43800.0,44750.0,44750.0,44750.0,44750.0,50266.666666666664,10179.063480170007
621,621,1998-05-01,0.0610264913104613,-1.2861891389359132,1969,-0.3207711587394399,60000.0,54000.0,54000.0,54000.0,54000.0,49666.666666666664,8962.88643983236
622,622,1998-05-01,0.6807795732595588,0.7184602031295791,1975,0.4730768600552696,54000.0,54000.0,54000.0,54000.0,54000.0,53000.0,7549.834435270583
623,623,1998-05-01,0.6807795732595588,-1.2861891389359132,1969,-0.3207711587394399,53000.0,54000.0,54000.0,54000.0,54000.0,55666.666666666664,3785.938897199849
624,624,1998-05-01,0.0610264913104613,0.7184602031295791,1977,0.7376928663201728,61500.0,54000.0,54000.0,54000.0,54000.0,56166.666666666664,4645.786621588513
625,625,1998-05-01,0.6807795732595588,0.7184602031295791,1977,0.7376928663201728,74000.0,54000.0,54000.0,54000.0,54000.0,62833.333333333336,10563.301251660429
626,626,1998-05-01,0.0610264913104613,0.7184602031295791,1977,0.7376928663201728,61500.0,54000.0,54000.0,54000.0,54000.0,65666.66666666667,7216.878364870146
630,630,1998-06-01,-1.1784796725877336,-2.2885138099686597,1969,-0.3207711587394399,45500.0,46000.0,46000.0,46000.0,46000.0,48166.666666666664,4193.248541802733
631,631,1998-06-01,0.0610264913104613,-1.2861891389359132,1969,-0.3207711587394399,46000.0,46000.0,46000.0,46000.0,46000.0,48166.666666666664,4193.248541802733
635,635,1998-07-01,0.0610264913104613,-1.2861891389359132,1969,-0.3207711587394399,45500.0,53000.0,53000.0,53000.0,53000.0,46833.333333333336,8578.072821638365
636,636,1998-07-01,0.6807795732595588,-1.2861891389359132,1969,-0.3207711587394399,49000.0,53000.0,53000.0,53000.0,53000.0,50166.666666666664,5346.3383107815725
637,637,1998-07-01,0.6807795732595588,0.7184602031295791,1975,0.4730768600552696,53000.0,53000.0,53000.0,53000.0,53000.0,49166.666666666664,3752.7767497322243
638,638,1998-07-01,-0.5587265906386362,0.7184602031295791,1975,0.4730768600552696,58000.0,53000.0,53000.0,53000.0,53000.0,53333.333333333336,4509.249752822609
639,639,1998-07-01,-1.1784796725877336,0.7184602031295791,1975,0.4730768600552696,50500.0,53000.0,53000.0,53000.0,53000.0,53833.333333333336,3818.8130791295293
640,640,1998-07-01,0.6807795732595588,0.7184602031295791,1975,0.4730768600552696,57000.0,53000.0,53000.0,53000.0,53000.0,55166.666666666664,4072.2639076232226
641,641,1998-07-01,-0.5587265906386362,0.7184602031295791,1977,0.7376928663201728,61000.0,53000.0,53000.0,53000.0,53000.0,56166.666666666664,5299.371031861306
642,642,1998-07-01,-0.5587265906386362,0.7184602031295791,1977,0.7376928663201728,61500.0,53000.0,53000.0,53000.0,53000.0,59833.333333333336,2466.4414311576033
646,646,1998-08-01,0.0610264913104613,-1.2861891389359132,1969,-0.3207711587394399,43900.0,48000.0,48000.0,48000.0,48000.0,42466.666666666664,1761.6280348958062
647,647,1998-08-01,0.0610264913104613,0.7184602031295791,1975,0.4730768600552696,49500.0,48000.0,48000.0,48000.0,48000.0,44633.333333333336,4544.59385790753
648,648,1998-08-01,0.6807795732595588,0.7184602031295791,1975,0.4730768600552696,53000.0,48000.0,48000.0,48000.0,48000.0,48800.0,4590.20696701113
649,649,1998-08-01,0.6807795732595588,0.7184602031295791,1975,0.4730768600552696,48000.0,48000.0,48000.0,48000.0,48000.0,50166.666666666664,2565.8007197229563
650,650,1998-08-01,-1.1784796725877336,0.7184602031295791,1975,0.4730768600552696,52500.0,48000.0,48000.0,48000.0,48000.0,51166.666666666664,2753.785273642599
651,651,1998-08-01,-1.1784796725877336,0.7184602031295791,1975,0.4730768600552696,48000.0,48000.0,48000.0,48000.0,48000.0,49500.0,2598.0762113528363
655,655,1998-09-01,0.6807795732595588,0.7184602031295791,1975,0.4730768600552696,46000.0,47500.0,47500.0,47500.0,47500.0,51766.666666666664,6013.595707505685
656,656,1998-09-01,0.0610264913104613,0.7184602031295791,1975,0.4730768600552696,50000.0,47500.0,47500.0,47500.0,47500.0,51333.333333333336,6110.100926607579
657,657,1998-09-01,-1.1784796725877336,0.7184602031295791,1975,0.4730768600552696,36500.0,47500.0,47500.0,47500.0,47500.0,44166.666666666664,6934.214687571391
658,658,1998-09-01,0.6807795732595588,-1.2861891389359132,1969,-0.3207711587394399,45000.0,47500.0,47500.0,47500.0,47500.0,43833.333333333336,6825.198409814237
659,659,1998-09-01,-1.1784796725877336,-1.2861891389359132,1969,-0.3207711587394399,42750.0,47500.0,47500.0,47500.0,47500.0,41416.666666666664,4404.070087240983
660,660,1998-09-01,-0.5587265906386362,-1.2861891389359132,1969,-0.3207711587394399,49000.0,47500.0,47500.0,47500.0,47500.0,45583.333333333336,3165.569985536697
661,661,1998-09-01,0.0610264913104613,-1.2861891389359132,1969,-0.3207711587394399,46000.0,47500.0,47500.0,47500.0,47500.0,45916.666666666664,3125.8332222514373
662,662,1998-09-01,0.0610264913104613,0.7184602031295791,1977,0.7376928663201728,64000.0,47500.0,47500.0,47500.0,47500.0,53000.0,9643.650760992825
663,663,1998-09-01,-1.1784796725877336,0.7184602031295791,1977,0.7376928663201728,61500.0,47500.0,47500.0,47500.0,47500.0,57166.666666666664,9751.06831753992
670,670,1998-11-01,-0.5587265906386362,-1.2861891389359132,1969,-0.3207711587394399,46500.0,43750.0,43750.0,43750.0,43750.0,42166.666666666664,4804.511768466266
671,671,1998-11-01,-1.1784796725877336,0.7184602031295791,1975,0.4730768600552696,39000.0,43750.0,43750.0,43750.0,43750.0,42833.333333333336,3752.7767497322393
672,672,1998-11-01,0.0610264913104613,0.7184602031295791,1975,0.4730768600552696,42000.0,43750.0,43750.0,43750.0,43750.0,42500.0,3774.9172176350485
673,673,1998-11-01,0.6807795732595588,0.7184602031295791,1975,0.4730768600552696,44500.0,43750.0,43750.0,43750.0,43750.0,41833.333333333336,2753.7852736426025
674,674,1998-11-01,0.0610264913104613,0.7184602031295791,1975,0.4730768600552696,47000.0,43750.0,43750.0,43750.0,43750.0,44500.0,2499.9999999995052
675,675,1998-11-01,0.0610264913104613,-1.2861891389359132,1969,-0.3207711587394399,48000.0,43750.0,43750.0,43750.0,43750.0,46500.0,1802.7756377313083
676,676,1998-11-01,-1.1784796725877336,-1.2861891389359132,1969,-0.3207711587394399,45000.0,43750.0,43750.0,43750.0,43750.0,46666.666666666664,1527.5252316511358
680,680,1998-12-01,-1.1784796725877336,-1.2861891389359132,1969,-0.3207711587394399,38500.0,42000.0,42000.0,42000.0,42000.0,45333.333333333336,7005.949852327725
681,681,1998-12-01,0.0610264913104613,-1.2861891389359132,1969,-0.3207711587394399,35000.0,42000.0,42000.0,42000.0,42000.0,42000.0,9260.129588725933
682,682,1998-12-01,0.6807795732595588,-1.2861891389359132,1969,-0.3207711587394399,42000.0,42000.0,42000.0,42000.0,42000.0,38500.0,3499.9999999996467
683,683,1998-12-01,-0.5587265906386362,-1.2861891389359132,1969,-0.3207711587394399,41000.0,42000.0,42000.0,42000.0,42000.0,39333.333333333336,3785.938897199855
684,684,1998-12-01,0.6807795732595588,0.7184602031295791,1975,0.4730768600552696,53000.0,42000.0,42000.0,42000.0,42000.0,45333.333333333336,6658.328118479206
685,685,1998-12-01,0.6807795732595588,0.7184602031295791,1975,0.4730768600552696,52000.0,42000.0,42000.0,42000.0,42000.0,48666.666666666664,6658.328118479206
686,686,1998-12-01,0.6807795732595588,0.7184602031295791,1975,0.4730768600552696,41000.0,42000.0,42000.0,42000.0,42000.0,48666.666666666664,6658.328118479206
687,687,1998-12-01,-1.1784796725877336,0.7184602031295791,1975,0.4730768600552696,44000.0,42000.0,42000.0,42000.0,42000.0,45666.666666666664,5686.240703077106
691,691,1999-01-01,0.0610264913104613,0.7184602031295791,1975,0.340768856922818,45000.0,39400.0,39400.0,39400.0,39400.0,39000.0,5291.502622128943
692,692,1999-01-01,0.0610264913104613,0.7184602031295791,1975,0.340768856922818,49000.0,39400.0,39400.0,39400.0,39400.0,43666.666666666664,6110.100926607582
693,693,1999-01-01,0.6807795732595588,0.7184602031295791,1975,0.340768856922818,45000.0,39400.0,39400.0,39400.0,39400.0,46333.333333333336,2309.401076757963
694,694,1999-01-01,-1.1784796725877336,-1.2861891389359132,1969,-0.4530791618718915,37000.0,39400.0,39400.0,39400.0,39400.0,43666.666666666664,6110.100926607582
695,695,1999-01-01,0.0610264913104613,-1.2861891389359132,1969,-0.4530791618718915,41200.0,39400.0,39400.0,39400.0,39400.0,41066.666666666664,4001.6663195887304
696,696,1999-01-01,-1.1784796725877336,-1.2861891389359132,1969,-0.4530791618718915,33000.0,39400.0,39400.0,39400.0,39400.0,37066.666666666664,4100.406483914833
697,697,1999-01-01,-1.1784796725877336,-1.2861891389359132,1969,-0.4530791618718915,37000.0,39400.0,39400.0,39400.0,39400.0,37066.666666666664,4100.406483914833
698,698,1999-01-01,0.6807795732595588,-1.2861891389359132,1969,-0.4530791618718915,43000.0,39400.0,39400.0,39400.0,39400.0,37666.666666666664,5033.222956846915
699,699,1999-01-01,0.6807795732595588,-1.2861891389359132,1969,-0.4530791618718915,39000.0,39400.0,39400.0,39400.0,39400.0,39666.666666666664,3055.0504633034802
703,703,1999-02-01,0.6807795732595588,0.7184602031295791,1975,0.340768856922818,45000.0,43250.0,43250.0,43250.0,43250.0,41666.666666666664,3511.8845842838887
704,704,1999-02-01,0.0610264913104613,-1.2861891389359132,1969,-0.4530791618718915,43500.0,43250.0,43250.0,43250.0,43250.0,43500.0,1499.9999999991649
705,705,1999-02-01,-0.5587265906386362,-1.2861891389359132,1969,-0.4530791618718915,40000.0,43250.0,43250.0,43250.0,43250.0,42833.333333333336,2565.800719722955
706,706,1999-02-01,-0.5587265906386362,-1.2861891389359132,1969,-0.4530791618718915,33000.0,43250.0,43250.0,43250.0,43250.0,38833.333333333336,5346.338310781581
707,707,1999-02-01,-0.5587265906386362,0.7184602031295791,1977,0.6053848631877212,62500.0,43250.0,43250.0,43250.0,43250.0,45166.666666666664,15413.73846065032
708,708,1999-02-01,0.6807795732595588,0.7184602031295791,1977,0.6053848631877212,63500.0,43250.0,43250.0,43250.0,43250.0,53000.0,17327.723451163387
709,709,1999-02-01,0.0610264913104613,0.7184602031295791,1977,0.6053848631877212,68500.0,43250.0,43250.0,43250.0,43250.0,64833.333333333336,3214.5502536639465
713,713,1999-03-01,-1.1784796725877336,-1.2861891389359132,1969,-0.4530791618718915,37000.0,38500.0,38500.0,38500.0,38500.0,42000.0,6999.999999999829
714,714,1999-03-01,-1.1784796725877336,-2.2885138099686597,1969,-0.4530791618718915,36200.0,38500.0,38500.0,38500.0,38500.0,37400.0,1442.2205101847665
715,715,1999-03-01,-1.1784796725877336,-1.2861891389359132,1969,-0.4530791618718915,35800.0,38500.0,38500.0,38500.0,38500.0,36333.333333333336,611.0100926588224
716,716,1999-03-01,-0.5587265906386362,-1.2861891389359132,1969,-0.4530791618718915,38000.0,38500.0,38500.0,38500.0,38500.0,36666.666666666664,1171.8930554154447
717,717,1999-03-01,0.0610264913104613,0.7184602031295791,1977,0.6053848631877212,63500.0,38500.0,38500.0,38500.0,38500.0,45766.666666666664,15396.861151979354
721,721,1999-04-01,-0.5587265906386362,-1.2861891389359132,1969,-0.4530791618718915,39000.0,39000.0,39000.0,39000.0,39000.0,39333.333333333336,577.3502691876535
722,722,1999-04-01,-0.5587265906386362,-1.2861891389359132,1969,-0.4530791618718915,37000.0,39000.0,39000.0,39000.0,39000.0,38333.333333333336,1154.700538378267
723,723,1999-04-01,-0.5587265906386362,-1.2861891389359132,1969,-0.4530791618718915,36000.0,39000.0,39000.0,39000.0,39000.0,37333.333333333336,1527.5252316512037
727,727,1999-05-01,0.6807795732595588,-1.2861891389359132,1969,-0.4530791618718915,37500.0,42500.0,42500.0,42500.0,42500.0,41500.0,6499.999999999824
728,728,1999-05-01,0.0610264913104613,-1.2861891389359132,1969,-0.4530791618718915,40000.0,42500.0,42500.0,42500.0,42500.0,38500.0,1322.875655531428
729,729,1999-05-01,0.0610264913104613,0.7184602031295791,1977,0.6053848631877212,62500.0,42500.0,42500.0,42500.0,42500.0,46666.666666666664,13768.926368215172
733,733,1999-06-01,-1.1784796725877336,-2.2885138099686597,1969,-0.4530791618718915,35000.0,35500.0,35500.0,35500.0,35500.0,33833.333333333336,2466.441431157657
734,734,1999-06-01,-0.5587265906386362,-1.2861891389359132,1969,-0.4530791618718915,36500.0,35500.0,35500.0,35500.0,35500.0,35666.666666666664,763.7626158244635
738,738,1999-07-01,0.0610264913104613,0.7184602031295791,1975,0.340768856922818,43000.0,40000.0,40000.0,40000.0,40000.0,40000.0,5196.152422706409
739,739,1999-07-01,-0.5587265906386362,0.7184602031295791,1975,0.340768856922818,40000.0,40000.0,40000.0,40000.0,40000.0,39000.0,4582.575694955588
740,740,1999-07-01,0.0610264913104613,0.7184602031295791,1975,0.340768856922818,39000.0,40000.0,40000.0,40000.0,40000.0,40666.666666666664,2081.6659994655774
741,741,1999-07-01,-1.1784796725877336,0.7184602031295791,1975,0.340768856922818,34000.0,40000.0,40000.0,40000.0,40000.0,37666.666666666664,3214.550253663957
742,742,1999-07-01,-0.5587265906386362,0.7184602031295791,1975,0.340768856922818,43000.0,40000.0,40000.0,40000.0,40000.0,38666.666666666664,4509.249752822637
743,743,1999-07-01,0.0610264913104613,-1.2861891389359132,1969,-0.4530791618718915,33000.0,40000.0,40000.0,40000.0,40000.0,36666.666666666664,5507.570547285891
744,744,1999-07-01,-1.1784796725877336,0.7184602031295791,1977,0.6053848631877212,63500.0,40000.0,40000.0,40000.0,40000.0,46500.0,15548.311805466137
745,745,1999-07-01,0.6807795732595588,0.7184602031295791,1977,0.6053848631877212,62500.0,40000.0,40000.0,40000.0,40000.0,53000.0,17327.72345116339
749,749,1999-08-01,0.0610264913104613,0.7184602031295791,1975,0.340768856922818,50000.0,41550.0,41550.0,41550.0,41550.0,39700.0,8931.405264570503
750,750,1999-08-01,0.0610264913104613,-1.2861891389359132,1969,-0.4530791618718915,42100.0,41550.0,41550.0,41550.0,41550.0,42066.666666666664,7950.052410728564
751,751,1999-08-01,0.0610264913104613,-1.2861891389359132,1969,-0.4530791618718915,37000.0,41550.0,41550.0,41550.0,41550.0,43033.333333333336,6550.063612922478
752,752,1999-08-01,0.6807795732595588,0.7184602031295791,1975,0.340768856922818,41000.0,41550.0,41550.0,41550.0,41550.0,40033.333333333336,2683.9026311196676
753,753,1999-08-01,-1.1784796725877336,0.7184602031295791,1977,0.6053848631877212,59500.0,41550.0,41550.0,41550.0,41550.0,45833.333333333336,12003.471720020465
757,757,1999-09-01,-0.5587265906386362,0.7184602031295791,1975,0.340768856922818,40000.0,46000.0,46000.0,46000.0,46000.0,47666.666666666664,10785.793124908852
758,758,1999-09-01,0.0610264913104613,0.7184602031295791,1975,0.340768856922818,47000.0,46000.0,46000.0,46000.0,46000.0,49000.0,10148.891565092106
759,759,1999-09-01,-1.1784796725877336,0.7184602031295791,1975,0.340768856922818,45000.0,46000.0,46000.0,46000.0,46000.0,44000.0,3605.551275463673
760,760,1999-09-01,0.0610264913104613,0.7184602031295791,1975,0.340768856922818,38000.0,46000.0,46000.0,46000.0,46000.0,43333.333333333336,4725.815626252368
761,761,1999-09-01,-0.5587265906386362,0.7184602031295791,1977,0.6053848631877212,60500.0,46000.0,46000.0,46000.0,46000.0,47833.333333333336,11514.483632943817
762,762,1999-09-01,-1.1784796725877336,0.7184602031295791,1977,0.6053848631877212,61500.0,46000.0,46000.0,46000.0,46000.0,53333.333333333336,13288.466176851676
763,763,1999-09-01,0.6807795732595588,0.7184602031295791,1977,0.6053848631877212,63500.0,46000.0,46000.0,46000.0,46000.0,61833.333333333336,1527.525231651175
767,767,1999-10-01,0.0610264913104613,-1.2861891389359132,1969,-0.4530791618718915,50000.0,55000.0,55000.0,55000.0,55000.0,46666.666666666664,3055.050463303498
768,768,1999-10-01,0.0610264913104613,-1.2861891389359132,1969,-0.4530791618718915,50000.0,55000.0,55000.0,55000.0,55000.0,48666.666666666664,2309.4010767579816
769,769,1999-10-01,0.0610264913104613,-1.2861891389359132,1969,-0.4530791618718915,40000.0,55000.0,55000.0,55000.0,55000.0,46666.666666666664,5773.502691896048
770,770,1999-10-01,0.6807795732595588,-1.2861891389359132,1969,-0.4530791618718915,45000.0,55000.0,55000.0,55000.0,55000.0,45000.0,4999.999999999758
771,771,1999-10-01,0.6807795732595588,0.7184602031295791,1975,0.340768856922818,55000.0,55000.0,55000.0,55000.0,55000.0,46666.666666666664,7637.626158259576
772,772,1999-10-01,-0.5587265906386362,0.7184602031295791,1975,0.340768856922818,35000.0,55000.0,55000.0,55000.0,55000.0,45000.0,9999.99999999988
773,773,1999-10-01,0.0610264913104613,0.7184602031295791,1977,0.6053848631877212,65000.0,55000.0,55000.0,55000.0,55000.0,51666.666666666664,15275.25231651939
774,774,1999-10-01,-1.1784796725877336,0.7184602031295791,1977,0.6053848631877212,61000.0,55000.0,55000.0,55000.0,55000.0,53666.666666666664,16289.055630494084
775,775,1999-10-01,0.0610264913104613,0.7184602031295791,1977,0.6053848631877212,66000.0,55000.0,55000.0,55000.0,55000.0,64000.0,2645.751311064151
776,776,1999-10-01,-1.1784796725877336,0.7184602031295791,1977,0.6053848631877212,64000.0,55000.0,55000.0,55000.0,55000.0,63666.666666666664,2516.6114784231213
777,777,1999-10-01,0.6807795732595588,0.7184602031295791,1977,0.6053848631877212,73000.0,55000.0,55000.0,55000.0,55000.0,67666.66666666667,4725.815626252361
778,778,1999-10-01,0.0610264913104613,0.7184602031295791,1977,0.6053848631877212,66500.0,55000.0,55000.0,55000.0,55000.0,67833.33333333333,4645.7866215885315
779,779,1999-10-01,0.0610264913104613,0.7184602031295791,1977,0.6053848631877212,60000.0,55000.0,55000.0,55000.0,55000.0,66500.0,6499.999999999821
780,780,1999-10-01,-1.1784796725877336,0.7184602031295791,1977,0.6053848631877212,62500.0,55000.0,55000.0,55000.0,55000.0,63000.0,3278.7192621506447
784,784,1999-11-01,-0.5587265906386362,0.7184602031295791,1977,0.6053848631877212,65000.0,61500.0,61500.0,61500.0,61500.0,57166.666666666664,10680.979980007969
785,785,1999-11-01,-0.5587265906386362,0.7184602031295791,1977,0.6053848631877212,59500.0,61500.0,61500.0,61500.0,61500.0,62000.0,2783.882181414604
786,786,1999-11-01,0.6807795732595588,0.7184602031295791,1977,0.6053848631877212,63000.0,61500.0,61500.0,61500.0,61500.0,62500.0,2783.882181414604
787,787,1999-11-01,-0.5587265906386362,0.7184602031295791,1977,0.6053848631877212,62000.0,61500.0,61500.0,61500.0,61500.0,61500.0,1802.7756377313665
788,788,1999-11-01,-1.1784796725877336,0.7184602031295791,1977,0.6053848631877212,61500.0,61500.0,61500.0,61500.0,61500.0,62166.666666666664,763.7626158244898
789,789,1999-11-01,0.0610264913104613,0.7184602031295791,1977,0.6053848631877212,68500.0,61500.0,61500.0,61500.0,61500.0,64000.0,3905.124837953037
790,790,1999-11-01,-0.5587265906386362,0.7184602031295791,1977,0.6053848631877212,61500.0,61500.0,61500.0,61500.0,61500.0,63833.333333333336,4041.4518843271003
791,791,1999-11-01,0.0610264913104613,0.7184602031295791,1977,0.6053848631877212,62500.0,61500.0,61500.0,61500.0,61500.0,64166.666666666664,3785.938897199883
792,792,1999-11-01,-1.1784796725877336,0.7184602031295791,1977,0.6053848631877212,64500.0,61500.0,61500.0,61500.0,61500.0,62833.333333333336,1527.5252316512
793,793,1999-11-01,-0.5587265906386362,0.7184602031295791,1977,0.6053848631877212,61000.0,61500.0,61500.0,61500.0,61500.0,62666.666666666664,1755.942292141472
794,794,1999-11-01,-0.5587265906386362,0.7184602031295791,1977,0.6053848631877212,60500.0,61500.0,61500.0,61500.0,61500.0,62000.0,2179.449471769812
795,795,1999-11-01,0.0610264913104613,0.7184602031295791,1977,0.6053848631877212,69000.0,61500.0,61500.0,61500.0,61500.0,63500.0,4769.696007084489
796,796,1999-11-01,-1.1784796725877336,0.7184602031295791,1977,0.6053848631877212,61000.0,61500.0,61500.0,61500.0,61500.0,63500.0,4769.696007084489
797,797,1999-11-01,-0.5587265906386362,0.7184602031295791,1977,0.6053848631877212,61000.0,61500.0,61500.0,61500.0,61500.0,63666.666666666664,4618.802153516758
798,798,1999-11-01,-1.1784796725877336,0.7184602031295791,1977,0.6053848631877212,61000.0,61500.0,61500.0,61500.0,61500.0,61000.0,0.0
799,799,1999-11-01,0.0610264913104613,0.7184602031295791,1977,0.6053848631877212,60500.0,61500.0,61500.0,61500.0,61500.0,60833.333333333336,288.67513459082636
800,800,1999-11-01,0.6807795732595588,0.7184602031295791,1977,0.6053848631877212,65500.0,61500.0,61500.0,61500.0,61500.0,62333.333333333336,2753.785273642632
801,801,1999-11-01,0.0610264913104613,0.7184602031295791,1977,0.6053848631877212,66500.0,61500.0,61500.0,61500.0,61500.0,64166.666666666664,3214.5502536639597
805,805,1999-12-01,0.0610264913104613,-1.2861891389359132,1969,-0.4530791618718915,46500.0,62000.0,62000.0,62000.0,62000.0,43666.666666666664,3329.164059239366
806,806,1999-12-01,0.6807795732595588,0.7184602031295791,1977,0.6053848631877212,63500.0,62000.0,62000.0,62000.0,62000.0,51500.0,10440.306508910446
807,807,1999-12-01,-1.1784796725877336,0.7184602031295791,1977,0.6053848631877212,60000.0,62000.0,62000.0,62000.0,62000.0,56666.666666666664,8976.822006330032
808,808,1999-12-01,0.0610264913104613,0.7184602031295791,1977,0.6053848631877212,64000.0,62000.0,62000.0,62000.0,62000.0,62500.0,2179.4494717698412
809,809,1999-12-01,0.6807795732595588,0.7184602031295791,1977,0.6053848631877212,67500.0,62000.0,62000.0,62000.0,62000.0,63833.333333333336,3752.776749732279
810,810,1999-12-01,0.0610264913104613,0.7184602031295791,1977,0.6053848631877212,74000.0,62000.0,62000.0,62000.0,62000.0,68500.0,5074.445782545896
811,811,1999-12-01,0.6807795732595588,0.7184602031295791,1977,0.6053848631877212,72000.0,62000.0,62000.0,62000.0,62000.0,71166.66666666667,3329.164059239369
812,812,1999-12-01,0.6807795732595588,0.7184602031295791,1977,0.6053848631877212,73000.0,62000.0,62000.0,62000.0,62000.0,73000.0,999.9999999989038
813,813,1999-12-01,0.0610264913104613,0.7184602031295791,1977,0.6053848631877212,65500.0,62000.0,62000.0,62000.0,62000.0,70166.66666666667,4072.2639076232717
814,814,1999-12-01,-0.5587265906386362,0.7184602031295791,1977,0.6053848631877212,61000.0,62000.0,62000.0,62000.0,62000.0,66500.0,6062.177826490892
815,815,1999-12-01,0.0610264913104613,0.7184602031295791,1977,0.6053848631877212,61500.0,62000.0,62000.0,62000.0,62000.0,62666.666666666664,2466.441431157684
816,816,1999-12-01,0.0610264913104613,0.7184602031295791,1977,0.6053848631877212,62000.0,62000.0,62000.0,62000.0,62000.0,61500.0,499.99999999782443
817,817,1999-12-01,-0.5587265906386362,0.7184602031295791,1977,0.6053848631877212,62000.0,62000.0,62000.0,62000.0,62000.0,61833.333333333336,288.6751345910441
818,818,1999-12-01,-0.5587265906386362,0.7184602031295791,1977,0.6053848631877212,62500.0,62000.0,62000.0,62000.0,62000.0,62166.666666666664,288.6751345910441
819,819,1999-12-01,0.0610264913104613,0.7184602031295791,1977,0.6053848631877212,63500.0,62000.0,62000.0,62000.0,62000.0,62666.666666666664,763.76261582455
820,820,1999-12-01,0.6807795732595588,0.7184602031295791,1977,0.6053848631877212,73500.0,62000.0,62000.0,62000.0,62000.0,66500.0,6082.7625302980405
821,821,1999-12-01,-0.5587265906386362,0.7184602031295791,1977,0.6053848631877212,64500.0,62000.0,62000.0,62000.0,62000.0,67166.66666666667,5507.570547285905
822,822,1999-12-01,-0.5587265906386362,0.7184602031295791,1977,0.6053848631877212,65500.0,62000.0,62000.0,62000.0,62000.0,67833.33333333333,4932.882862316025
823,823,1999-12-01,0.0610264913104613,0.7184602031295791,1977,0.6053848631877212,60000.0,62000.0,62000.0,62000.0,62000.0,63333.333333333336,2929.732638540773
824,824,1999-12-01,-0.5587265906386362,0.7184602031295791,1977,0.6053848631877212,61500.0,62000.0,62000.0,62000.0,62000.0,62333.333333333336,2843.120351538265
825,825,1999-12-01,-0.5587265906386362,0.7184602031295791,1977,0.6053848631877212,60000.0,62000.0,62000.0,62000.0,62000.0,60500.0,866.0254037831149
826,826,1999-12-01,0.0610264913104613,0.7184602031295791,1977,0.6053848631877212,60000.0,62000.0,62000.0,62000.0,62000.0,60500.0,866.0254037831149
830,830,2000-01-01,-0.5587265906386362,-1.2861891389359132,1969,-0.5853871650043431,51000.0,51000.0,51000.0,51000.0,51000.0,54100.0,3260.368077379843
831,831,2000-01-01,0.6807795732595588,-1.2861891389359132,1969,-0.5853871650043431,40000.0,51000.0,51000.0,51000.0,51000.0,48266.666666666664,7294.74696842397
832,832,2000-01-01,-0.5587265906386362,-1.2861891389359132,1969,-0.5853871650043431,49000.0,51000.0,51000.0,51000.0,51000.0,46666.666666666664,5859.465277082088
833,833,2000-01-01,0.0610264913104613,-1.2861891389359132,1969,-0.5853871650043431,52500.0,51000.0,51000.0,51000.0,51000.0,47166.666666666664,6448.514040717495
840,840,2000-03-01,-0.5587265906386362,0.7184602031295791,1975,0.2084608537903664,47500.0,44250.0,44250.0,44250.0,44250.0,42833.333333333336,4072.2639076232117
844,844,2000-04-01,0.6807795732595588,0.7184602031295791,1975,0.2084608537903664,48000.0,49500.0,49500.0,49500.0,49500.0,47000.0,4582.57569495556
848,848,2000-05-01,-1.1784796725877336,-1.2861891389359132,1969,-0.5853871650043431,48000.0,46300.0,46300.0,46300.0,46300.0,46866.666666666664,1962.990915244075
852,852,2000-06-01,0.0610264913104613,0.7184602031295791,1975,0.2084608537903664,56500.0,56750.0,56750.0,56750.0,56750.0,59166.666666666664,4193.248541802776
861,861,2000-09-01,-0.5587265906386362,-1.2861891389359132,1969,-0.5853871650043431,56800.0,48000.0,48000.0,48000.0,48000.0,47600.0,9406.38081304374
862,862,2000-09-01,-0.5587265906386362,0.7184602031295791,1975,0.2084608537903664,55800.0,48000.0,48000.0,48000.0,48000.0,50200.0,10577.334257741762
866,866,2000-10-01,-1.1784796725877336,-1.2861891389359132,1969,-0.5853871650043431,40500.0,49000.0,49000.0,49000.0,49000.0,43000.0,8529.361054615832
867,867,2000-10-01,0.6807795732595588,0.7184602031295791,1975,0.2084608537903664,49000.0,49000.0,49000.0,49000.0,49000.0,47333.333333333336,6171.169527190997
871,871,2000-11-01,-0.5587265906386362,0.7184602031295791,1975,0.2084608537903664,46000.0,45000.0,45000.0,45000.0,45000.0,43333.333333333336,3785.938897199824
885,885,2001-04-01,0.6807795732595588,0.7184602031295791,1975,0.0761528506579149,50000.0,43500.0,43500.0,43500.0,43500.0,42833.333333333336,7522.189397597657
886,886,2001-04-01,-1.1784796725877336,0.7184602031295791,1975,0.0761528506579149,54000.0,43500.0,43500.0,43500.0,43500.0,49166.666666666664,5299.371031861309
890,890,2001-05-01,-0.5587265906386362,0.7184602031295791,1975,0.0761528506579149,38000.0,39000.0,39000.0,39000.0,39000.0,39500.0,1322.8756555312427
897,897,2001-07-01,0.0610264913104613,0.7184602031295791,1975,0.0761528506579149,37000.0,37750.0,37750.0,37750.0,37750.0,36833.333333333336,1755.9422921413168
901,901,2001-08-01,-0.5587265906386362,0.7184602031295791,1975,0.0761528506579149,47000.0,41000.0,41000.0,41000.0,41000.0,38333.333333333336,7505.55349946495
902,902,2001-08-01,0.0610264913104613,0.7184602031295791,1975,0.0761528506579149,41000.0,41000.0,41000.0,41000.0,41000.0,40666.666666666664,6506.4070986475035
909,909,2001-10-01,-1.1784796725877336,-2.2885138099686597,1969,-0.7176951681367947,37000.0,37000.0,37000.0,37000.0,37000.0,39333.333333333336,2516.611478423039
910,910,2001-10-01,0.0610264913104613,-1.2861891389359132,1969,-0.7176951681367947,34000.0,37000.0,37000.0,37000.0,37000.0,36666.666666666664,2516.6114784230226
911,911,2001-10-01,-0.5587265906386362,-1.2861891389359132,1969,-0.7176951681367947,37000.0,37000.0,37000.0,37000.0,37000.0,36000.0,1732.0508075680566
912,912,2001-10-01,-0.5587265906386362,0.7184602031295791,1975,0.0761528506579149,34000.0,37000.0,37000.0,37000.0,37000.0,35000.0,1732.0508075680493
916,916,2001-11-01,0.6807795732595588,-1.2861891389359132,1969,-0.7176951681367947,42000.0,40000.0,40000.0,40000.0,40000.0,41666.666666666664,1527.525231651071
917,917,2001-11-01,0.0610264913104613,-1.2861891389359132,1969,-0.7176951681367947,40000.0,40000.0,40000.0,40000.0,40000.0,40666.666666666664,1154.7005383780804
918,918,2001-11-01,-1.1784796725877336,-2.2885138099686597,1969,-0.7176951681367947,45000.0,40000.0,40000.0,40000.0,40000.0,42333.333333333336,2516.6114784230563
919,919,2001-11-01,-1.1784796725877336,-1.2861891389359132,1969,-0.7176951681367947,28000.0,40000.0,40000.0,40000.0,40000.0,37666.666666666664,8736.894948053945
920,920,2001-11-01,-1.1784796725877336,0.7184602031295791,1975,0.0761528506579149,40000.0,40000.0,40000.0,40000.0,40000.0,37666.666666666664,8736.894948053945
921,921,2001-11-01,0.0610264913104613,0.7184602031295791,1975,0.0761528506579149,37000.0,40000.0,40000.0,40000.0,40000.0,35000.0,6244.9979983981675
925,925,2001-12-01,0.6807795732595588,0.7184602031295791,1975,0.0761528506579149,53500.0,43500.0,43500.0,43500.0,43500.0,44500.0,8046.7384697153775
929,929,2002-01-01,-0.5587265906386362,0.7184602031295791,1975,-0.0561551524745366,38000.0,38000.0,38000.0,38000.0,38000.0,39000.0,1732.0508075680714
930,930,2002-01-01,-0.5587265906386362,-1.2861891389359132,1969,-0.8500031712692463,44000.0,38000.0,38000.0,38000.0,38000.0,40000.0,3464.101615137355
934,934,2002-02-01,0.0610264913104613,0.7184602031295791,1975,-0.0561551524745366,54000.0,46000.0,46000.0,46000.0,46000.0,47666.666666666664,10115.993936995554
935,935,2002-02-01,0.6807795732595588,0.7184602031295791,1975,-0.0561551524745366,44000.0,46000.0,46000.0,46000.0,46000.0,44666.666666666664,9018.499505645645
936,936,2002-02-01,0.0610264913104613,0.7184602031295791,1975,-0.0561551524745366,46000.0,46000.0,46000.0,46000.0,46000.0,48000.0,5291.502622128945
940,940,2002-03-01,0.0610264913104613,-1.2861891389359132,1969,-0.8500031712692463,37000.0,43500.0,43500.0,43500.0,43500.0,36666.666666666664,7505.553499464949
941,941,2002-03-01,-0.5587265906386362,0.7184602031295791,1975,-0.0561551524745366,46000.0,43500.0,43500.0,43500.0,43500.0,37333.333333333336,8504.90054811522
942,942,2002-03-01,0.6807795732595588,0.7184602031295791,1975,-0.0561551524745366,43000.0,43500.0,43500.0,43500.0,43500.0,42000.0,4582.575694955555
946,946,2002-04-01,0.0610264913104613,0.7184602031295791,1975,-0.0561551524745366,52000.0,45000.0,45000.0,45000.0,45000.0,47333.333333333336,6429.100507328444
952,952,2002-06-01,0.6807795732595588,0.7184602031295791,1975,-0.0561551524745366,54500.0,40750.0,40750.0,40750.0,40750.0,41500.0,11434.596626029155
956,956,2002-07-01,0.0610264913104613,-1.2861891389359132,1969,-0.8500031712692463,41000.0,42750.0,42750.0,42750.0,42750.0,43000.0,6244.997998398188
957,957,2002-07-01,0.0610264913104613,0.7184602031295791,1975,-0.0561551524745366,44500.0,42750.0,42750.0,42750.0,42750.0,41166.666666666664,3253.2035493234475
958,958,2002-07-01,-1.1784796725877336,-2.2885138099686597,1969,-0.8500031712692463,47000.0,42750.0,42750.0,42750.0,42750.0,44166.666666666664,3013.8568866704277
965,965,2002-10-01,-1.1784796725877336,-1.2861891389359132,1969,-0.8500031712692463,41000.0,43000.0,43000.0,43000.0,43000.0,42666.666666666664,3785.9388971998396
966,966,2002-10-01,-0.5587265906386362,0.7184602031295791,1975,-0.0561551524745366,42000.0,43000.0,43000.0,43000.0,43000.0,41000.0,999.9999999986774
967,967,2002-10-01,0.0610264913104613,0.7184602031295791,1975,-0.0561551524745366,57500.0,43000.0,43000.0,43000.0,43000.0,46833.333333333336,9251.126057585145
968,968,2002-10-01,-0.5587265906386362,0.7184602031295791,1975,-0.0561551524745366,48000.0,43000.0,43000.0,43000.0,43000.0,49166.666666666664,7815.58272512875
969,969,2002-10-01,-0.5587265906386362,0.7184602031295791,1975,-0.0561551524745366,43000.0,43000.0,43000.0,43000.0,43000.0,49500.0,7365.459931327957
970,970,2002-10-01,0.6807795732595588,0.7184602031295791,1975,-0.0561551524745366,52500.0,43000.0,43000.0,43000.0,43000.0,47833.333333333336,4752.192476460832
974,974,2002-11-01,0.6807795732595588,0.7184602031295791,1975,-0.0561551524745366,47000.0,49000.0,49000.0,49000.0,49000.0,48666.666666666664,1527.5252316511753
975,975,2002-11-01,-0.5587265906386362,0.7184602031295791,1975,-0.0561551524745366,55500.0,49000.0,49000.0,49000.0,49000.0,50500.0,4444.097208657534
979,979,2002-12-01,-1.1784796725877336,0.7184602031295791,1975,-0.0561551524745366,48000.0,46000.0,46000.0,46000.0,46000.0,47333.333333333336,7023.769168568321
980,980,2002-12-01,-0.5587265906386362,0.7184602031295791,1975,-0.0561551524745366,43000.0,46000.0,46000.0,46000.0,46000.0,43666.666666666664,4041.451884327067
984,984,2003-01-01,0.0610264913104613,0.7184602031295791,1975,-0.1884631556069883,43000.0,44500.0,44500.0,44500.0,44500.0,51333.333333333336,11930.353445448758
991,991,2003-03-01,0.0610264913104613,-1.2861891389359132,1969,-0.982311174401698,55000.0,43000.0,43000.0,43000.0,43000.0,45833.333333333336,8129.165598837982
992,992,2003-03-01,-1.1784796725877336,-1.2861891389359132,1969,-0.982311174401698,58000.0,43000.0,43000.0,43000.0,43000.0,50833.333333333336,9928.914005737539
996,996,2003-04-01,-0.5587265906386362,0.7184602031295791,1975,-0.1884631556069883,55000.0,46500.0,46500.0,46500.0,46500.0,47666.666666666664,6658.328118479213
1000,1000,2003-05-01,0.0610264913104613,0.7184602031295791,1975,-0.1884631556069883,65000.0,50500.0,50500.0,50500.0,50500.0,53000.0,10816.653826391865
1008,1008,2003-08-01,-0.5587265906386362,0.7184602031295791,1975,-0.1884631556069883,63000.0,59000.0,59000.0,59000.0,59000.0,58000.0,5567.764362829832
1009,1009,2003-08-01,-0.5587265906386362,0.7184602031295791,1975,-0.1884631556069883,52000.0,59000.0,59000.0,59000.0,59000.0,55666.666666666664,6350.852961085711
1013,1013,2003-09-01,-0.5587265906386362,0.7184602031295791,1975,-0.1884631556069883,63000.0,62500.0,62500.0,62500.0,62500.0,61000.0,2645.7513110642058
1017,1017,2003-10-01,0.6807795732595588,0.7184602031295791,1975,-0.1884631556069883,80000.0,63500.0,63500.0,63500.0,63500.0,66666.66666666667,12583.057392117842
1021,1021,2003-11-01,-1.1784796725877336,0.7184602031295791,1975,-0.1884631556069883,55000.0,59000.0,59000.0,59000.0,59000.0,58666.666666666664,4041.4518843271208
1050,1050,2005-03-01,-0.5587265906386362,0.7184602031295791,1975,-0.4530791618718915,70000.0,71000.0,71000.0,71000.0,71000.0,70333.33333333333,15502.68793897792
1054,1054,2005-04-01,0.0610264913104613,0.7184602031295791,1975,-0.4530791618718915,77000.0,71000.0,71000.0,71000.0,71000.0,74000.0,7937.253933193646
1073,1073,2006-02-01,0.0610264913104613,0.7184602031295791,1975,-0.5853871650043431,85000.0,69750.0,69750.0,69750.0,69750.0,74833.33333333333,9385.272150200608
1077,1077,2006-03-01,-0.5587265906386362,0.7184602031295791,1975,-0.5853871650043431,80000.0,85000.0,85000.0,85000.0,85000.0,84666.66666666667,5033.222956846895
1109,1109,2008-01-01,-0.5587265906386362,0.7184602031295791,1975,-0.8500031712692463,98000.0,106500.0,106500.0,106500.0,106500.0,119333.33333333333,18475.208614067902
1110,1110,2008-01-01,-0.5587265906386362,0.7184602031295791,1975,-0.8500031712692463,98000.0,106500.0,106500.0,106500.0,106500.0,108666.66666666667,18475.20861406792
1111,1111,2008-01-01,-1.1784796725877336,0.7184602031295791,1975,-0.8500031712692463,90000.0,106500.0,106500.0,106500.0,106500.0,95333.33333333333,4618.802153516676
1120,1120,2008-06-01,0.6807795732595588,0.7184602031295791,1975,-0.8500031712692463,140000.0,132000.0,132000.0,132000.0,132000.0,126000.0,12767.145334803532
1121,1121,2008-06-01,0.0610264913104613,0.7184602031295791,1975,-0.8500031712692463,132000.0,132000.0,132000.0,132000.0,132000.0,131666.66666666666,8504.900548115107
1136,1136,2009-08-01,0.0610264913104613,0.7184602031295791,1975,-0.982311174401698,155000.0,152500.0,152500.0,152500.0,152500.0,154933.33333333334,4900.3401242493355
1162,1162,2010-12-01,0.0610264913104613,0.7184602031295791,1975,-1.1146191775341494,216000.0,198000.0,198000.0,198000.0,198000.0,204000.0,10392.304845413011
1163,1163,2010-12-01,0.0610264913104613,0.7184602031295791,1975,-1.1146191775341494,197000.0,198000.0,198000.0,198000.0,198000.0,203666.66666666666,10692.676621563378
1177,1177,2011-09-01,-1.1784796725877336,0.7184602031295791,1975,-1.2469271806666011,195000.0,230250.0,230250.0,230250.0,230250.0,219000.0,20808.65204668469
1186,1186,2012-07-01,-1.1784796725877336,0.7184602031295791,1975,-1.3792351837990526,225000.0,230000.0,230000.0,230000.0,230000.0,228333.33333333334,4163.33199893159
1193,1193,2012-09-01,-1.1784796725877336,0.7184602031295791,1975,-1.3792351837990526,240000.0,235500.0,235500.0,235500.0,235500.0,231166.66666666666,13604.533558094809
1215,1215,2014-10-01,0.0610264913104613,0.7184602031295791,1975,-1.643851190063956,195000.0,209000.0,209000.0,209000.0,209000.0,204333.33333333334,12096.83154108245
1221,1221,2014-12-01,0.0610264913104613,0.7184602031295791,1975,-1.643851190063956,225000.0,226500.0,226500.0,226500.0,226500.0,217666.66666666666,15373.136743466746
