year_month,mean,median_price,high_price,low_price,Index,Change,prev_close,rolling_mean
1990-01-01,79955.13432835821,78000.0,88500.0,70000.0,24.3,,,
1990-02-01,79955.13432835821,78000.0,88500.0,70000.0,24.3,,79955.13432835821,
1990-03-01,81961.31004366813,80000.0,90000.0,70500.0,24.3,,79955.13432835821,78666.66666666667
1990-04-01,81236.38888888889,80000.0,88500.0,70650.0,24.3972,0.40%,81961.31004366813,79333.33333333333
1990-05-01,81236.38888888889,80000.0,88500.0,70650.0,24.3972,0.40%,81236.38888888889,80000.0
1990-06-01,83309.64467005077,80000.0,92000.0,70000.0,24.3972,0.40%,81236.38888888889,80000.0
1990-07-01,82660.28355387524,82000.0,93000.0,70000.0,25.00713,2.50%,83309.64467005077,80666.66666666667
1990-08-01,82660.28355387524,82000.0,93000.0,70000.0,25.00713,2.50%,82660.28355387524,81333.33333333333
1990-09-01,81283.5687732342,80000.0,90000.0,70000.0,25.00713,2.50%,82660.28355387524,81333.33333333333
1990-10-01,81413.42592592593,80000.0,90000.0,70000.0,24.70704444,-1.20%,81283.5687732342,80666.66666666667
1990-11-01,81413.42592592593,80000.0,90000.0,70000.0,24.70704444,-1.20%,81413.42592592593,80000.0
1990-12-01,82793.26599326599,80000.0,90500.0,70000.0,24.70704444,-1.20%,81413.42592592593,80000.0
1991-01-01,81505.46308724832,80000.0,91500.0,69000.0,24.9047008,0.80%,82793.26599326599,80000.0
1991-02-01,81505.46308724832,80000.0,91500.0,69000.0,24.9047008,0.80%,81505.46308724832,80000.0
1991-03-01,81117.32673267326,75050.0,92000.0,66250.0,24.9047008,0.80%,81505.46308724832,78350.0
1991-04-01,80457.09030837004,79500.0,90750.0,70000.0,25.50241361,2.40%,81117.32673267326,78183.33333333333
1991-05-01,80457.09030837004,79500.0,90750.0,70000.0,25.50241361,2.40%,80457.09030837004,78016.66666666667
1991-06-01,80748.04780876494,80000.0,91000.0,66000.0,25.50241361,2.40%,80457.09030837004,79666.66666666667
1991-07-01,82659.3243697479,80000.0,92000.0,70000.0,25.19638465,-1.20%,80748.04780876494,79833.33333333333
1991-08-01,82659.3243697479,80000.0,92000.0,70000.0,25.19638465,-1.20%,82659.3243697479,80000.0
1991-09-01,82887.32484076433,80000.0,91410.0,70000.0,25.19638465,-1.20%,82659.3243697479,80000.0
1991-10-01,82976.34375,81000.0,95000.0,68000.0,25.09559911,-0.40%,82887.32484076433,80333.33333333333
1991-11-01,82976.34375,81000.0,95000.0,68000.0,25.09559911,-0.40%,82976.34375,80666.66666666667
1991-12-01,81467.21893491125,80000.0,93000.0,65000.0,25.09559911,-0.40%,82976.34375,80666.66666666667
1992-01-01,82223.84879725086,80000.0,92300.0,67000.0,25.79827589,2.80%,81467.21893491125,80333.33333333333
1992-02-01,82223.84879725086,80000.0,92300.0,67000.0,25.79827589,2.80%,82223.84879725086,80000.0
1992-03-01,83792.12121212122,80000.0,93250.0,65875.0,25.79827589,2.80%,82223.84879725086,80000.0
1992-04-01,87201.57627118644,85000.0,98925.0,70525.0,27.39776899,6.20%,83792.12121212122,81666.66666666667
1992-05-01,87201.57627118644,85000.0,98925.0,70525.0,27.39776899,6.20%,87201.57627118644,83333.33333333333
1992-06-01,91268.57142857143,88000.0,109250.0,70000.0,27.39776899,6.20%,87201.57627118644,86000.0
1992-07-01,90851.95335276968,88000.0,107875.0,71000.0,28.00051991,2.20%,91268.57142857143,87000.0
1992-08-01,90851.95335276968,88000.0,107875.0,71000.0,28.00051991,2.20%,90851.95335276968,88000.0
1992-09-01,92936.45054945054,89500.0,110250.0,71600.0,28.00051991,2.20%,90851.95335276968,88500.0
1992-10-01,93651.37172774869,90000.0,110000.0,72000.0,28.58853083,2.10%,92936.45054945054,89166.66666666667
1992-11-01,93651.37172774869,90000.0,110000.0,72000.0,28.58853083,2.10%,93651.37172774869,89833.33333333333
1992-12-01,96572.16545012165,93000.0,115000.0,76000.0,28.58853083,2.10%,93651.37172774869,91000.0
1993-01-01,95852.55720053836,92000.0,117000.0,72000.0,30.18948856,5.60%,96572.16545012165,91666.66666666667
1993-02-01,95852.55720053836,92000.0,117000.0,72000.0,30.18948856,5.60%,95852.55720053836,92333.33333333333
1993-03-01,96788.57142857143,93000.0,117000.0,72000.0,30.18948856,5.60%,95852.55720053836,92333.33333333333
1993-04-01,100021.6539050536,98500.0,120000.0,80000.0,39.5784195,31.10%,96788.57142857143,94500.0
1993-05-01,100021.6539050536,98500.0,120000.0,80000.0,39.5784195,31.10%,100021.6539050536,96666.66666666667
1993-06-01,111515.37336814622,115000.0,132000.0,90000.0,39.5784195,31.10%,100021.6539050536,104000.0
1993-07-01,127200.2842377261,125000.0,143000.0,110000.0,47.69199549,20.50%,111515.37336814622,112833.33333333333
1993-08-01,127200.2842377261,125000.0,143000.0,110000.0,47.69199549,20.50%,127200.2842377261,121666.66666666667
1993-09-01,142280.41474654377,140000.0,158000.0,125000.0,47.69199549,20.50%,127200.2842377261,130000.0
1993-10-01,152554.6397459165,154000.0,170000.0,133000.0,48.97967937,2.70%,142280.41474654377,139666.66666666666
1993-11-01,152554.6397459165,154000.0,170000.0,133000.0,48.97967937,2.70%,152554.6397459165,149333.33333333334
1993-12-01,159617.30201342283,160000.0,178000.0,140000.0,48.97967937,2.70%,152554.6397459165,156000.0
1994-01-01,162695.1660923501,163000.0,180000.0,145000.0,50.40009007,2.90%,159617.30201342283,159000.0
1994-02-01,162695.1660923501,163000.0,180000.0,145000.0,50.40009007,2.90%,162695.1660923501,162000.0
1994-03-01,164946.1578266494,165000.0,180000.0,150000.0,50.40009007,2.90%,162695.1660923501,163666.66666666666
1994-04-01,168729.23374114616,168000.0,185000.0,150000.0,51.71049241,2.60%,164946.1578266494,165333.33333333334
1994-05-01,168729.23374114616,168000.0,185000.0,150000.0,51.71049241,2.60%,168729.23374114616,167000.0
1994-06-01,174227.14666666667,172000.0,193000.0,154750.0,51.71049241,2.60%,168729.23374114616,169333.33333333334
1994-07-01,177433.1563876652,175000.0,195000.0,158000.0,54.60627999,5.60%,174227.14666666667,171666.66666666666
1994-08-01,177433.1563876652,175000.0,195000.0,158000.0,54.60627999,5.60%,177433.1563876652,174000.0
1994-09-01,180246.00611620795,178000.0,200000.0,160000.0,54.60627999,5.60%,177433.1563876652,176000.0
1994-10-01,181301.62206001623,180000.0,200000.0,160000.0,54.82470511,0.40%,180246.00611620795,177666.66666666666
1994-11-01,181301.62206001623,180000.0,200000.0,160000.0,54.82470511,0.40%,181301.62206001623,179333.33333333334
1994-12-01,185507.73158756137,183000.0,203000.0,166000.0,54.82470511,0.40%,181301.62206001623,181000.0
1995-01-01,185701.48540393755,181000.0,205000.0,164000.0,57.34664154,4.60%,185507.73158756137,181333.33333333334
1995-02-01,185701.48540393755,181000.0,205000.0,164000.0,57.34664154,4.60%,185701.48540393755,181666.66666666666
1995-03-01,187042.66917293234,183000.0,205000.0,165000.0,57.34664154,4.60%,185701.48540393755,181666.66666666666
1995-04-01,194768.83082077053,191500.0,215000.0,173000.0,63.94150532,11.50%,187042.66917293234,185166.66666666666
1995-05-01,194768.83082077053,191500.0,215000.0,173000.0,63.94150532,11.50%,194768.83082077053,188666.66666666666
1995-06-01,208276.14214046823,205000.0,225750.0,187000.0,63.94150532,11.50%,194768.83082077053,196000.0
1995-07-01,213718.51377410468,212000.0,236000.0,190000.0,67.71405414,5.90%,208276.14214046823,202833.33333333334
1995-08-01,213718.51377410468,212000.0,236000.0,190000.0,67.71405414,5.90%,213718.51377410468,209666.66666666666
1995-09-01,222856.22043628013,222000.0,245000.0,198000.0,67.71405414,5.90%,213718.51377410468,215333.33333333334
1995-10-01,226090.77281845536,225000.0,248000.0,200000.0,73.74060495,8.90%,222856.22043628013,219666.66666666666
1995-11-01,226090.77281845536,225000.0,248000.0,200000.0,73.74060495,8.90%,226090.77281845536,224000.0
1995-12-01,234618.5380577428,235000.0,257250.0,209500.0,73.74060495,8.90%,226090.77281845536,228333.33333333334
1996-01-01,245447.40251845418,243000.0,270000.0,220000.0,80.52474061,9.20%,234618.5380577428,234333.33333333334
1996-02-01,245447.40251845418,243000.0,270000.0,220000.0,80.52474061,9.20%,245447.40251845418,240333.33333333334
1996-03-01,253811.68636911942,252000.0,280000.0,227000.0,80.52474061,9.20%,245447.40251845418,246000.0
1996-04-01,267802.27446918696,263000.0,295000.0,239000.0,90.91243215,12.90%,253811.68636911942,252666.66666666666
1996-05-01,267802.27446918696,263000.0,295000.0,239000.0,90.91243215,12.90%,267802.27446918696,259333.33333333334
1996-06-01,284682.0740740741,280000.0,310850.0,252000.0,90.91243215,12.90%,267802.27446918696,268666.6666666667
1996-07-01,306176.50210575573,302000.0,340000.0,270000.0,96.45809051,6.10%,284682.0740740741,281666.6666666667
1996-08-01,306176.50210575573,302000.0,340000.0,270000.0,96.45809051,6.10%,306176.50210575573,294666.6666666667
1996-09-01,317566.81967213115,315000.0,350000.0,285000.0,96.45809051,6.10%,306176.50210575573,306333.3333333333
1996-10-01,322537.74417562725,320000.0,355000.0,288000.0,99.06245895,2.70%,317566.81967213115,312333.3333333333
1996-11-01,322537.74417562725,320000.0,355000.0,288000.0,99.06245895,2.70%,322537.74417562725,318333.3333333333
1996-12-01,322620.1982160555,320000.0,355000.0,293000.0,99.06245895,2.70%,322537.74417562725,320000.0
1997-01-01,319388.7609561753,318000.0,350000.0,288000.0,98.66620912,-0.40%,322620.1982160555,319333.3333333333
1997-02-01,319388.7609561753,318000.0,350000.0,288000.0,98.66620912,-0.40%,319388.7609561753,318666.6666666667
1997-03-01,316885.6303854875,315000.0,344600.0,290000.0,98.66620912,-0.40%,319388.7609561753,317000.0
1997-04-01,315264.4752385279,313500.0,340000.0,289000.0,97.58088082,-1.10%,316885.6303854875,315500.0
1997-05-01,315264.4752385279,313500.0,340000.0,289000.0,97.58088082,-1.10%,315264.4752385279,314000.0
1997-06-01,314449.97142857144,313750.0,342000.0,285000.0,97.58088082,-1.10%,315264.4752385279,313583.3333333333
1997-07-01,307929.5267580717,308000.0,335000.0,280000.0,93.67764559,-4.00%,314449.97142857144,311750.0
1997-08-01,307929.5267580717,308000.0,335000.0,280000.0,93.67764559,-4.00%,307929.5267580717,309916.6666666667
1997-09-01,300126.1998001998,298000.0,330000.0,270000.0,93.67764559,-4.00%,307929.5267580717,304666.6666666667
1997-10-01,294346.9762865792,293000.0,320000.0,265500.0,88.05698685,-6.00%,300126.1998001998,299666.6666666667
1997-11-01,294346.9762865792,293000.0,320000.0,265500.0,88.05698685,-6.00%,294346.9762865792,294666.6666666667
1997-12-01,288478.8343125734,287000.0,315000.0,260000.0,88.05698685,-6.00%,294346.9762865792,291000.0
1998-01-01,279562.21435228334,280000.0,305000.0,255000.0,81.7168838,-7.20%,288478.8343125734,286666.6666666667
1998-02-01,279562.21435228334,280000.0,305000.0,255000.0,81.7168838,-7.20%,279562.21435228334,282333.3333333333
1998-03-01,272618.25531914894,272000.0,300000.0,249000.0,81.7168838,-7.20%,279562.21435228334,277333.3333333333
1998-04-01,262879.19971671386,262000.0,288000.0,240000.0,78.28477468,-4.20%,272618.25531914894,271333.3333333333
1998-05-01,262879.19971671386,262000.0,288000.0,240000.0,78.28477468,-4.20%,262879.19971671386,265333.3333333333
1998-06-01,256406.73974645787,256000.0,280000.0,236000.0,78.28477468,-4.20%,262879.19971671386,260000.0
1998-07-01,253006.54662379422,252000.0,276375.0,231000.0,74.91852937,-4.30%,256406.73974645787,256666.66666666666
1998-08-01,253006.54662379422,252000.0,276375.0,231000.0,74.91852937,-4.30%,253006.54662379422,253333.33333333334
1998-09-01,248577.6477483035,248000.0,272000.0,226000.0,74.91852937,-4.30%,253006.54662379422,250666.66666666666
1998-10-01,247214.79140786748,246000.0,272000.0,225000.0,72.29638084,-3.50%,248577.6477483035,248666.66666666666
1998-11-01,247214.79140786748,246000.0,272000.0,225000.0,72.29638084,-3.50%,247214.79140786748,246666.66666666666
1998-12-01,242363.61467391305,242000.0,267000.0,220000.0,72.29638084,-3.50%,247214.79140786748,244666.66666666666
1999-01-01,239063.12919967223,239000.0,263000.0,217000.0,71.21193513,-1.50%,242363.61467391305,242333.33333333334
1999-02-01,239063.12919967223,239000.0,263000.0,217000.0,71.21193513,-1.50%,239063.12919967223,240000.0
1999-03-01,236672.36165577342,237000.0,261000.0,214000.0,71.21193513,-1.50%,239063.12919967223,238333.33333333334
1999-04-01,235223.2536036036,234000.0,258000.0,213000.0,72.20890222,1.40%,236672.36165577342,236666.66666666666
1999-05-01,235223.2536036036,234000.0,258000.0,213000.0,72.20890222,1.40%,235223.2536036036,235000.0
1999-06-01,235257.51885830786,233000.0,259000.0,212000.0,72.20890222,1.40%,235223.2536036036,233666.66666666666
1999-07-01,238906.1805341551,237650.0,263000.0,215000.0,78.1300322,8.20%,235257.51885830786,234883.33333333334
1999-08-01,238906.1805341551,237650.0,263000.0,215000.0,78.1300322,8.20%,238906.1805341551,236100.0
1999-09-01,249122.40746666666,247000.0,275000.0,222000.0,78.1300322,8.20%,238906.1805341551,240766.66666666666
1999-10-01,259159.5538900785,257000.0,287000.0,231000.0,79.84889291,2.20%,249122.40746666666,247216.66666666666
1999-11-01,259159.5538900785,257000.0,287000.0,231000.0,79.84889291,2.20%,259159.5538900785,253666.66666666666
1999-12-01,266157.03307086613,265000.0,293000.0,238000.0,79.84889291,2.20%,259159.5538900785,259666.66666666666
2000-01-01,263499.8251192369,262000.0,290000.0,234000.0,80.32798627,0.60%,266157.03307086613,261333.33333333334
2000-02-01,263499.8251192369,262000.0,290000.0,234000.0,80.32798627,0.60%,263499.8251192369,263000.0
2000-03-01,265671.36140350875,263000.0,290000.0,236650.0,80.32798627,0.60%,263499.8251192369,262333.3333333333
2000-04-01,266091.50396987627,263000.0,290500.0,238000.0,79.36405043,-1.20%,265671.36140350875,262666.6666666667
2000-05-01,266091.50396987627,263000.0,290500.0,238000.0,79.36405043,-1.20%,266091.50396987627,263000.0
2000-06-01,260316.35418359056,258500.0,288000.0,232000.0,79.36405043,-1.20%,266091.50396987627,261500.0
2000-07-01,257668.27601031814,253500.0,283866.0,230000.0,77.69740537,-2.10%,260316.35418359056,258333.33333333334
2000-08-01,257668.27601031814,253500.0,283866.0,230000.0,77.69740537,-2.10%,257668.27601031814,255166.66666666666
2000-09-01,254187.65058236272,252000.0,280000.0,227000.0,77.69740537,-2.10%,257668.27601031814,253000.0
2000-10-01,252466.22620050548,248000.0,279000.0,224000.0,75.91036505,-2.30%,254187.65058236272,251166.66666666666
2000-11-01,252466.22620050548,248000.0,279000.0,224000.0,75.91036505,-2.30%,252466.22620050548,249333.33333333334
2000-12-01,248974.01602564103,245000.0,276000.0,221950.0,75.91036505,-2.30%,252466.22620050548,247000.0
2001-01-01,242869.9200359389,238500.0,270000.0,217000.0,73.32941264,-3.40%,248974.01602564103,243833.33333333334
2001-02-01,242869.9200359389,238500.0,270000.0,217000.0,73.32941264,-3.40%,242869.9200359389,240666.66666666666
2001-03-01,241412.38305084745,235000.0,267000.0,215000.0,73.32941264,-3.40%,242869.9200359389,237333.33333333334
2001-04-01,238766.67319461444,233000.0,265000.0,211000.0,72.22947145,-1.50%,241412.38305084745,235500.0
2001-05-01,238766.67319461444,233000.0,265000.0,211000.0,72.22947145,-1.50%,238766.67319461444,233666.66666666666
2001-06-01,236148.64337349398,230500.0,261000.0,210000.0,72.22947145,-1.50%,238766.67319461444,232166.66666666666
2001-07-01,231360.02707715135,225750.0,256500.0,205375.0,70.71265255,-2.10%,236148.64337349398,229750.0
2001-08-01,231360.02707715135,225750.0,256500.0,205375.0,70.71265255,-2.10%,231360.02707715135,227333.33333333334
2001-09-01,233666.37613928842,226000.0,258000.0,208000.0,70.71265255,-2.10%,231360.02707715135,225833.33333333334
2001-10-01,230168.09681012656,224000.0,255000.0,205000.0,69.72267541,-1.40%,233666.37613928842,225250.0
2001-11-01,230168.09681012656,224000.0,255000.0,205000.0,69.72267541,-1.40%,230168.09681012656,224666.66666666666
2001-12-01,228909.19277145027,224000.0,253000.0,203000.0,69.72267541,-1.40%,230168.09681012656,224000.0
2002-01-01,224656.0644778481,219000.0,249000.0,200000.0,69.23461668,-0.70%,228909.19277145027,222333.33333333334
2002-02-01,224656.0644778481,219000.0,249000.0,200000.0,69.23461668,-0.70%,224656.0644778481,220666.66666666666
2002-03-01,224167.76500508646,217000.0,248000.0,200000.0,69.23461668,-0.70%,224656.0644778481,218333.33333333334
2002-04-01,223109.37494998,215000.0,245000.0,197000.0,69.3038513,0.10%,224167.76500508646,217000.0
2002-05-01,223109.37494998,215000.0,245000.0,197000.0,69.3038513,0.10%,223109.37494998,215666.66666666666
2002-06-01,226328.14750378215,221000.0,248000.0,198850.0,69.3038513,0.10%,223109.37494998,217000.0
2002-07-01,223976.41888026154,218000.0,245000.0,196000.0,69.99688981,1.00%,226328.14750378215,218000.0
2002-08-01,223976.41888026154,218000.0,245000.0,196000.0,69.99688981,1.00%,223976.41888026154,219000.0
2002-09-01,221643.51096121417,215000.0,244950.0,196000.0,69.99688981,1.00%,223976.41888026154,217000.0
2002-10-01,226236.98350100603,220000.0,248000.0,196500.0,69.99688981,0.00%,221643.51096121417,217666.66666666666
2002-11-01,226236.98350100603,220000.0,248000.0,196500.0,69.99688981,0.00%,226236.98350100603,218333.33333333334
2002-12-01,224789.55035455278,218000.0,247000.0,198000.0,69.99688981,0.00%,226236.98350100603,219333.33333333334
2003-01-01,222702.96751536435,216000.0,245000.0,196200.0,71.11684005,1.60%,224789.55035455278,218000.0
2003-02-01,222702.96751536435,216000.0,245000.0,196200.0,71.11684005,1.60%,222702.96751536435,216666.66666666666
2003-03-01,222652.68874172185,216000.0,244000.0,196000.0,71.11684005,1.60%,222702.96751536435,216000.0
2003-04-01,227330.04235832856,223000.0,247750.0,202000.0,72.61029369,2.10%,222652.68874172185,218333.33333333334
2003-05-01,227330.04235832856,223000.0,247750.0,202000.0,72.61029369,2.10%,227330.04235832856,220666.66666666666
2003-06-01,229580.52934662238,227000.0,250000.0,205000.0,72.61029369,2.10%,227330.04235832856,224333.33333333334
2003-07-01,230915.0688888889,229750.0,250000.0,205000.0,74.42555103,2.50%,229580.52934662238,226583.33333333334
2003-08-01,230915.0688888889,229750.0,250000.0,205000.0,74.42555103,2.50%,230915.0688888889,228833.33333333334
2003-09-01,228085.79978586725,226000.0,249000.0,203000.0,74.42555103,2.50%,230915.0688888889,228500.0
2003-10-01,233403.87288135593,230000.0,254000.0,210000.0,75.24423209,1.10%,228085.79978586725,228583.33333333334
2003-11-01,233403.87288135593,230000.0,254000.0,210000.0,75.24423209,1.10%,233403.87288135593,228666.66666666666
2003-12-01,236416.15630397236,235000.0,255000.0,211250.0,75.24423209,1.10%,233403.87288135593,231666.66666666666
2004-01-01,234241.97103274558,232750.0,255000.0,210000.0,75.46996479,0.30%,236416.15630397236,232583.33333333334
2004-02-01,234241.97103274558,232750.0,255000.0,210000.0,75.46996479,0.30%,234241.97103274558,233500.0
2004-03-01,236235.64342453663,235000.0,255000.0,212000.0,75.46996479,0.30%,234241.97103274558,233500.0
2004-04-01,238178.22694257632,236888.0,260000.0,213000.0,76.37560437,1.20%,236235.64342453663,234879.33333333334
2004-05-01,238178.22694257632,236888.0,260000.0,213000.0,76.37560437,1.20%,238178.22694257632,236258.66666666666
2004-06-01,239776.08769792935,237000.0,260000.0,214500.0,76.37560437,1.20%,238178.22694257632,236925.33333333334
2004-07-01,239877.99557277255,238000.0,260000.0,213000.0,76.45197997,0.10%,239776.08769792935,237296.0
2004-08-01,239877.99557277255,238000.0,260000.0,213000.0,76.45197997,0.10%,239877.99557277255,237666.66666666666
2004-09-01,237708.2,235000.0,257000.0,213000.0,76.45197997,0.10%,239877.99557277255,237000.0
2004-10-01,237625.61486486485,235000.0,257055.0,215000.0,77.21649977,1.00%,237708.2,236000.0
2004-11-01,237625.61486486485,235000.0,257055.0,215000.0,77.21649977,1.00%,237625.61486486485,235000.0
2004-12-01,237894.9252814739,236000.0,260000.0,212000.0,77.21649977,1.00%,237625.61486486485,235333.33333333334
2005-01-01,237179.41052137152,235500.0,260000.0,212000.0,77.29371627,0.10%,237894.9252814739,235500.0
2005-02-01,237179.41052137152,235500.0,260000.0,212000.0,77.29371627,0.10%,237179.41052137152,235666.66666666666
2005-03-01,240849.16718266252,239000.0,265000.0,212000.0,77.29371627,0.10%,237179.41052137152,236666.66666666666
2005-04-01,237257.6349954833,235000.0,258000.0,213000.0,73.58361789,-4.80%,240849.16718266252,236500.0
2005-05-01,237257.6349954833,235000.0,258000.0,213000.0,73.58361789,-4.80%,237257.6349954833,236333.33333333334
2005-06-01,232654.88707926168,230000.0,250000.0,210000.0,73.58361789,-4.80%,237257.6349954833,233333.33333333334
2005-07-01,232151.3208837454,228000.0,248000.0,208000.0,73.28928342,-0.40%,232654.88707926168,231000.0
2005-08-01,232151.3208837454,228000.0,248000.0,208000.0,73.28928342,-0.40%,232151.3208837454,228666.66666666666
2005-09-01,231128.87272727274,226500.0,245000.0,210000.0,73.28928342,-0.40%,232151.3208837454,227500.0
2005-10-01,231885.36680327868,228000.0,245000.0,210000.0,73.58244055,0.40%,231128.87272727274,227500.0
2005-11-01,231885.36680327868,228000.0,245000.0,210000.0,73.58244055,0.40%,231885.36680327868,227500.0
2005-12-01,234290.18724279836,230000.0,248125.0,212000.0,73.58244055,0.40%,231885.36680327868,228666.66666666666
2006-01-01,233026.54371921183,229000.0,248000.0,210000.0,73.65602299,0.10%,234290.18724279836,229000.0
2006-02-01,233026.54371921183,229000.0,248000.0,210000.0,73.65602299,0.10%,233026.54371921183,229333.33333333334
2006-03-01,231876.57969303423,228000.0,245750.0,210000.0,73.65602299,0.10%,233026.54371921183,228666.66666666666
2006-04-01,234612.8641273451,230000.0,250000.0,210000.0,74.39258322,1.00%,231876.57969303423,229000.0
2006-05-01,234612.8641273451,230000.0,250000.0,210000.0,74.39258322,1.00%,234612.8641273451,229333.33333333334
2006-06-01,235051.92931633836,230000.0,250000.0,208000.0,74.39258322,1.00%,234612.8641273451,230000.0
2006-07-01,236237.50961600864,230000.0,252000.0,210000.0,74.31819064,-0.10%,235051.92931633836,230000.0
2006-08-01,236237.50961600864,230000.0,252000.0,210000.0,74.31819064,-0.10%,236237.50961600864,230000.0
2006-09-01,237723.7280799112,231500.0,255000.0,210000.0,74.31819064,-0.10%,236237.50961600864,230500.0
2006-10-01,236582.0046756283,230000.0,252000.0,210000.0,74.98705436,0.90%,237723.7280799112,230500.0
2006-11-01,236582.0046756283,230000.0,252000.0,210000.0,74.98705436,0.90%,236582.0046756283,230500.0
2006-12-01,236624.53453001133,231000.0,255000.0,210000.0,74.98705436,0.90%,236582.0046756283,230333.33333333334
2007-01-01,239137.42344045368,232000.0,255400.0,213000.0,75.88689901,1.20%,236624.53453001133,231000.0
2007-02-01,239137.42344045368,232000.0,255400.0,213000.0,75.88689901,1.20%,239137.42344045368,231666.66666666666
2007-03-01,240608.9639037433,235000.0,259916.0,210000.0,75.88689901,1.20%,239137.42344045368,233000.0
2007-04-01,243449.09336465062,235500.0,260000.0,215000.0,78.16350598,3.00%,240608.9639037433,234166.66666666666
2007-05-01,243449.09336465062,235500.0,260000.0,215000.0,78.16350598,3.00%,243449.09336465062,235333.33333333334
2007-06-01,245750.98461928935,238000.0,261625.0,215750.0,78.16350598,3.00%,243449.09336465062,236333.33333333334
2007-07-01,250078.1780986763,240000.0,267000.0,217000.0,83.24413387,6.50%,245750.98461928935,237833.33333333334
2007-08-01,250078.1780986763,240000.0,267000.0,217000.0,83.24413387,6.50%,250078.1780986763,239333.33333333334
2007-09-01,256714.9708284714,248000.0,273000.0,222500.0,83.24413387,6.50%,250078.1780986763,242666.66666666666
2007-10-01,265122.7003329571,255000.0,284316.0,228000.0,88.07229363,5.80%,256714.9708284714,247666.66666666666
2007-11-01,265122.7003329571,255000.0,284316.0,228000.0,88.07229363,5.80%,265122.7003329571,252666.66666666666
2007-12-01,272319.1425287356,260000.0,290000.0,233000.0,88.07229363,5.80%,265122.7003329571,256666.66666666666
2008-01-01,286284.6387137453,272500.0,315000.0,240000.0,91.3309685,3.70%,272319.1425287356,262500.0
2008-02-01,286284.6387137453,272500.0,315000.0,240000.0,91.3309685,3.70%,286284.6387137453,268333.3333333333
2008-03-01,287327.4644736842,277000.0,310000.0,245000.0,91.3309685,3.70%,286284.6387137453,274000.0
2008-04-01,296698.18518518517,285888.0,325000.0,251000.0,95.44086208,4.50%,287327.4644736842,278462.6666666667
2008-05-01,296698.18518518517,285888.0,325000.0,251000.0,95.44086208,4.50%,296698.18518518517,282925.3333333333
2008-06-01,302814.37807881774,294000.0,330000.0,260000.0,95.44086208,4.50%,296698.18518518517,288592.0
2008-07-01,310149.40901312034,301000.0,340000.0,265000.0,99.44937828,4.20%,302814.37807881774,293629.3333333333
2008-08-01,310149.40901312034,301000.0,340000.0,265000.0,99.44937828,4.20%,310149.40901312034,298666.6666666667
2008-09-01,315961.30235602095,305000.0,342000.0,275000.0,99.44937828,4.20%,310149.40901312034,302333.3333333333
2008-10-01,321901.15346260386,313000.0,347500.0,281000.0,100.8416696,1.40%,315961.30235602095,306333.3333333333
2008-11-01,321901.15346260386,313000.0,347500.0,281000.0,100.8416696,1.40%,321901.15346260386,310333.3333333333
2008-12-01,322340.1812865497,315000.0,346400.0,285000.0,100.8416696,1.40%,321901.15346260386,313666.6666666667
2009-01-01,322424.60352710646,315000.0,348000.0,283000.0,100.0349362,-0.80%,322340.1812865497,314333.3333333333
2009-02-01,322424.60352710646,315000.0,348000.0,283000.0,100.0349362,-0.80%,322424.60352710646,315000.0
2009-03-01,323848.9198855508,313000.0,346000.0,285000.0,100.0349362,-0.80%,322424.60352710646,314333.3333333333
2009-04-01,320933.1343277082,315000.0,343000.0,284000.0,101.4354253,1.40%,323848.9198855508,314333.3333333333
2009-05-01,320933.1343277082,315000.0,343000.0,284000.0,101.4354253,1.40%,320933.1343277082,314333.3333333333
2009-06-01,324711.608045977,318000.0,349000.0,287916.0,101.4354253,1.40%,320933.1343277082,316000.0
2009-07-01,329156.68617021275,319000.0,352000.0,290000.0,105.0871006,3.60%,324711.608045977,317333.3333333333
2009-08-01,329156.68617021275,319000.0,352000.0,290000.0,105.0871006,3.60%,329156.68617021275,318666.6666666667
2009-09-01,333953.0098013245,324000.0,360000.0,295000.0,105.0871006,3.60%,329156.68617021275,320666.6666666667
2009-10-01,339611.23315363884,329000.0,363000.0,300000.0,109.0804105,3.80%,333953.0098013245,324000.0
2009-11-01,339611.23315363884,329000.0,363000.0,300000.0,109.0804105,3.80%,339611.23315363884,327333.3333333333
2009-12-01,341891.97481636936,333000.0,363000.0,305000.0,109.0804105,3.80%,339611.23315363884,330333.3333333333
2010-01-01,350142.0741839763,340000.0,375375.0,308000.0,112.134662,2.80%,341891.97481636936,334000.0
2010-02-01,350142.0741839763,340000.0,375375.0,308000.0,112.134662,2.80%,350142.0741839763,337666.6666666667
2010-03-01,352107.48839779006,340800.0,375000.0,312000.0,112.134662,2.80%,350142.0741839763,340266.6666666667
2010-04-01,355058.25344855967,345000.0,380000.0,315000.0,116.6200484,4.00%,352107.48839779006,341933.3333333333
2010-05-01,355058.25344855967,345000.0,380000.0,315000.0,116.6200484,4.00%,355058.25344855967,343600.0
2010-06-01,363854.8582089552,355000.0,390000.0,322000.0,116.6200484,4.00%,355058.25344855967,348333.3333333333
2010-07-01,374902.7800987467,363000.0,400000.0,333000.0,121.2848504,4.00%,363854.8582089552,354333.3333333333
2010-08-01,374902.7800987467,363000.0,400000.0,333000.0,121.2848504,4.00%,374902.7800987467,360333.3333333333
2010-09-01,381919.9452614379,370000.0,407000.0,338950.0,121.2848504,4.00%,374902.7800987467,365333.3333333333
2010-10-01,391912.1333078394,380000.0,418000.0,345000.0,124.4382565,2.60%,381919.9452614379,371000.0
2010-11-01,391912.1333078394,380000.0,418000.0,345000.0,124.4382565,2.60%,391912.1333078394,376666.6666666667
2010-12-01,396487.7085927771,381000.0,420500.0,354000.0,124.4382565,2.60%,391912.1333078394,380333.3333333333
2011-01-01,396942.7233898305,385000.0,420000.0,353000.0,126.4292686,1.60%,396487.7085927771,382000.0
2011-02-01,396942.7233898305,385000.0,420000.0,353000.0,126.4292686,1.60%,396942.7233898305,383666.6666666667
2011-03-01,407912.03324840765,395000.0,430000.0,361000.0,126.4292686,1.60%,396942.7233898305,388333.3333333333
2011-04-01,409259.7014229249,395000.0,435000.0,365000.0,130.4750052,3.20%,407912.03324840765,391666.6666666667
2011-05-01,409259.7014229249,395000.0,435000.0,365000.0,130.4750052,3.20%,409259.7014229249,395000.0
2011-06-01,414370.1760738714,400000.0,435000.0,370000.0,130.4750052,3.20%,409259.7014229249,396666.6666666667
2011-07-01,425882.1364060357,410000.0,448000.0,380000.0,135.4330554,3.80%,414370.1760738714,401666.6666666667
2011-08-01,425882.1364060357,410000.0,448000.0,380000.0,135.4330554,3.80%,425882.1364060357,406666.6666666667
2011-09-01,433258.2053291536,415000.0,456500.0,385500.0,135.4330554,3.80%,425882.1364060357,411666.6666666667
2011-10-01,439279.7551834131,425000.0,463000.0,393250.0,137.7354173,1.70%,433258.2053291536,416666.6666666667
2011-11-01,439279.7551834131,425000.0,463000.0,393250.0,137.7354173,1.70%,439279.7551834131,421666.6666666667
2011-12-01,436206.6196769457,420000.0,461800.0,394000.0,137.7354173,1.70%,439279.7551834131,423333.3333333333
2012-01-01,443150.04409171076,428000.0,468000.0,397000.0,138.5618298,0.60%,436206.6196769457,424333.3333333333
2012-01-01,443150.04409171076,428000.0,468000.0,397000.0,148.6574017,1.30%,443150.04409171076,425333.3333333333
2012-02-01,443150.04409171076,428000.0,468000.0,397000.0,138.5618298,0.60%,443150.04409171076,428000.0
2012-02-01,443150.04409171076,428000.0,468000.0,397000.0,148.6574017,1.30%,443150.04409171076,428000.0
2012-03-01,444956.9541864139,430000.0,470000.0,402000.0,138.5618298,0.60%,443150.04409171076,428666.6666666667
2012-03-01,444956.9541864139,430000.0,470000.0,402000.0,148.6574017,1.30%,444956.9541864139,429333.3333333333
2012-04-01,448892.04228119703,432000.0,473000.0,402000.0,140.3631336,1.30%,444956.9541864139,430666.6666666667
2012-05-01,448892.04228119703,432000.0,473000.0,402000.0,140.3631336,1.30%,448892.04228119703,431333.3333333333
2012-06-01,453255.6043715847,435000.0,482000.0,405000.0,140.3631336,1.30%,448892.04228119703,433000.0
2012-07-01,451554.0909090909,437000.0,475000.0,408000.0,143.1703963,2.00%,453255.6043715847,434666.6666666667
2012-08-01,451554.0909090909,437000.0,475000.0,408000.0,143.1703963,2.00%,451554.0909090909,436333.3333333333
2012-09-01,462728.75692695216,445000.0,486750.0,413916.0,143.1703963,2.00%,451554.0909090909,439666.6666666667
2012-10-01,467402.39090779127,450000.0,493000.0,418000.0,146.7496562,2.50%,462728.75692695216,444000.0
2012-11-01,467402.39090779127,450000.0,493000.0,418000.0,146.7496562,2.50%,467402.39090779127,448333.3333333333
2012-12-01,471215.5625942685,455000.0,494500.0,421250.0,146.7496562,2.50%,467402.39090779127,451666.6666666667
2013-04-01,483373.8738357324,462000.0,510000.0,428000.0,149.4006887,0.50%,471215.5625942685,455666.6666666667
2013-05-01,483373.8738357324,462000.0,510000.0,428000.0,149.4006887,0.50%,483373.8738357324,459666.6666666667
2013-06-01,490736.6632996633,465000.0,527750.0,430000.0,149.4006887,0.50%,483373.8738357324,463000.0
2013-07-01,482009.91449814127,460000.0,510000.0,425000.0,148.0560825,-0.90%,490736.6632996633,462333.3333333333
2013-08-01,482009.91449814127,460000.0,510000.0,425000.0,148.0560825,-0.90%,482009.91449814127,461666.6666666667
2013-09-01,482094.7961165049,460000.0,510000.0,420000.0,148.0560825,-0.90%,482009.91449814127,460000.0
2013-10-01,474234.153531218,450000.0,500000.0,417000.0,145.6871852,-1.60%,482094.7961165049,456666.6666666667
2013-11-01,474234.153531218,450000.0,500000.0,417000.0,145.6871852,-1.60%,474234.153531218,453333.3333333333
2013-12-01,471654.8597194389,446800.0,495000.0,413444.0,145.6871852,-1.60%,474234.153531218,448933.3333333333
2014-01-01,464790.5702075702,445000.0,495444.0,408250.0,143.3561903,-1.60%,471654.8597194389,447266.6666666667
2014-02-01,464790.5702075702,445000.0,495444.0,408250.0,143.3561903,-1.60%,464790.5702075702,445600.0
2014-03-01,460176.8376708861,439000.0,490000.0,401444.0,143.3561903,-1.60%,464790.5702075702,443000.0
2014-04-01,457689.90917107585,438000.0,489500.0,400000.0,141.3492036,-1.40%,460176.8376708861,440666.6666666667
2014-05-01,457689.90917107585,438000.0,489500.0,400000.0,141.3492036,-1.40%,457689.90917107585,438333.3333333333
2014-06-01,451345.23224080267,427500.0,485000.0,392000.0,141.3492036,-1.40%,457689.90917107585,434500.0
2014-07-01,441620.6887550201,420000.0,470000.0,390000.0,138.9462671,-1.70%,451345.23224080267,428500.0
2014-08-01,441620.6887550201,420000.0,470000.0,390000.0,138.9462671,-1.70%,441620.6887550201,422500.0
2014-09-01,441922.2236598891,420000.0,470888.0,380000.0,138.9462671,-1.70%,441620.6887550201,420000.0
2014-10-01,434800.41231028666,410000.0,460000.0,380000.0,136.8620731,-1.50%,441922.2236598891,416666.6666666667
2014-11-01,434800.41231028666,410000.0,460000.0,380000.0,136.8620731,-1.50%,434800.41231028666,413333.3333333333
2014-12-01,429519.358974359,410000.0,458000.0,378000.0,136.8620731,-1.50%,434800.41231028666,410000.0
2015-01-01,436581.3157380254,410000.0,460888.0,375000.0,135.4934524,-1.00%,429519.358974359,410000.0
2015-02-01,436581.3157380254,410000.0,460888.0,375000.0,135.4934524,-1.00%,436581.3157380254,410000.0
2015-03-01,439245.5263157895,405000.0,463000.0,370000.0,135.4934524,-1.00%,436581.3157380254,408333.3333333333
2015-04-01,434737.133784928,406000.0,460000.0,370000.0,134.9514786,-0.40%,439245.5263157895,407000.0
2015-05-01,434737.133784928,406000.0,460000.0,370000.0,134.9514786,-0.40%,434737.133784928,405666.6666666667
2015-06-01,433867.7363636364,400000.0,458000.0,368000.0,134.9514786,-0.40%,434737.133784928,404000.0
2015-07-01,429986.18396946567,400000.0,458000.0,366000.0,134.5466241,-0.30%,433867.7363636364,402000.0
2015-08-01,429986.18396946567,400000.0,458000.0,366000.0,134.5466241,-0.30%,429986.18396946567,400000.0
2015-09-01,433113.8669001751,400000.0,450000.0,366000.0,134.5466241,-0.30%,429986.18396946567,400000.0
2015-10-01,431942.88786585367,400000.0,458000.0,365000.0,134.6811708,0.10%,433113.8669001751,400000.0
2015-11-01,431942.88786585367,400000.0,458000.0,365000.0,134.6811708,0.10%,431942.88786585367,400000.0
2015-12-01,435728.006779661,402000.0,465000.0,365000.0,134.6811708,0.10%,431942.88786585367,400666.6666666667
2016-01-01,429682.60914814816,400000.0,458500.0,365000.0,134.5464896,-0.10%,435728.006779661,400666.6666666667
2016-02-01,429682.60914814816,400000.0,458500.0,365000.0,134.5464896,-0.10%,429682.60914814816,400666.6666666667
2016-03-01,430824.5020242915,400000.0,460000.0,360000.0,134.5464896,-0.10%,429682.60914814816,400000.0
2016-04-01,434273.3733700137,404000.0,460000.0,365000.0,134.5464896,0.00%,430824.5020242915,401333.3333333333
2016-05-01,434273.3733700137,404000.0,460000.0,365000.0,134.5464896,0.00%,434273.3733700137,402666.6666666667
2016-06-01,435842.1275,406044.0,460000.0,368666.0,134.5464896,0.00%,434273.3733700137,404681.3333333333
2016-07-01,436575.1477190442,408000.0,465000.0,365000.0,134.5464896,0.00%,435842.1275,406014.6666666667
2016-08-01,436575.1477190442,408000.0,465000.0,365000.0,134.5464896,0.00%,436575.1477190442,407348.0
2016-09-01,432736.6274007682,405000.0,460000.0,363000.0,134.5464896,0.00%,436575.1477190442,407000.0
2016-10-01,432599.33770014555,408000.0,460000.0,365000.0,134.4119431,-0.10%,432736.6274007682,407000.0
2016-11-01,432599.33770014555,408000.0,460000.0,365000.0,134.4119431,-0.10%,432599.33770014555,407000.0
2016-12-01,437892.15765765763,405000.0,475000.0,360000.0,134.4119431,-0.10%,432599.33770014555,407000.0
2017-01-01,435795.2544769086,410000.0,465000.0,360000.0,133.7398834,-0.50%,437892.15765765763,407666.6666666667
2017-02-01,435795.2544769086,410000.0,465000.0,360000.0,133.7398834,-0.50%,435795.2544769086,408333.3333333333
2017-03-01,436638.2604651163,408000.0,477472.0,358500.0,133.7398834,-0.50%,435795.2544769086,409333.3333333333
2017-04-01,439548.2913570982,410000.0,476500.0,363000.0,133.6061435,-0.10%,436638.2604651163,409333.3333333333
2017-05-01,439548.2913570982,410000.0,476500.0,363000.0,133.6061435,-0.10%,439548.2913570982,409333.3333333333
2017-06-01,437961.7127272727,408000.0,478000.0,358000.0,133.6061435,-0.10%,439548.2913570982,409333.3333333333
2017-07-01,435505.6828780813,405000.0,468000.0,360000.0,132.6709005,-0.70%,437961.7127272727,407666.6666666667
2017-08-01,435505.6828780813,405000.0,468000.0,360000.0,132.6709005,-0.70%,435505.6828780813,406000.0
2017-09-01,441433.516372796,414000.0,479500.0,360000.0,132.6709005,-0.70%,435505.6828780813,408000.0
2017-10-01,438559.5796906523,405000.0,470000.0,358000.0,132.4055587,-0.20%,441433.516372796,408000.0
2017-11-01,438559.5796906523,405000.0,470000.0,358000.0,132.4055587,-0.20%,438559.5796906523,408000.0
2017-12-01,436362.03393939394,407000.0,471000.0,352000.0,132.4055587,-0.20%,438559.5796906523,405666.6666666667
2018-01-01,433238.34859813086,408000.0,470000.0,350000.0,131.3463142,-0.80%,436362.03393939394,406666.6666666667
2018-02-01,433238.34859813086,408000.0,470000.0,350000.0,131.3463142,-0.80%,433238.34859813086,407666.6666666667
2018-03-01,429115.25506072876,400000.0,470000.0,348000.0,131.3463142,-0.80%,433238.34859813086,405333.3333333333
2018-04-01,442004.1035404142,408000.0,480000.0,350000.0,131.4776605,0.10%,429115.25506072876,405333.3333333333
2018-05-01,442004.1035404142,408000.0,480000.0,350000.0,131.4776605,0.10%,442004.1035404142,405333.3333333333
2018-06-01,432613.43021582736,400000.0,465500.0,351000.0,131.4776605,0.10%,442004.1035404142,405333.3333333333
2018-07-01,434255.71068830445,405000.0,469444.0,350000.0,131.3461829,-0.10%,432613.43021582736,404333.3333333333
2018-08-01,434255.71068830445,405000.0,469444.0,350000.0,131.3461829,-0.10%,434255.71068830445,403333.3333333333
2018-09-01,429949.86771428573,400000.0,468000.0,350000.0,131.3461829,-0.10%,434255.71068830445,403333.3333333333
2018-10-01,426423.45536019537,400000.0,460000.0,342625.0,131.0834905,-0.20%,429949.86771428573,401666.6666666667
2018-11-01,426423.45536019537,400000.0,460000.0,342625.0,131.0834905,-0.20%,426423.45536019537,400000.0
2018-12-01,425143.15113350126,395000.0,454500.0,342250.0,131.0834905,-0.20%,426423.45536019537,398333.3333333333
2019-01-01,425339.4290296712,395000.0,460000.0,340000.0,130.69024,-0.30%,425143.15113350126,396666.6666666667
2019-02-01,425339.4290296712,395000.0,460000.0,340000.0,130.69024,-0.30%,425339.4290296712,395000.0
2019-03-01,422785.1270718232,393888.0,453000.0,341000.0,130.69024,-0.30%,425339.4290296712,394629.3333333333
2019-04-01,428637.29431000655,400000.0,465000.0,347000.0,130.4288596,-0.20%,422785.1270718232,396296.0
2019-05-01,428637.29431000655,400000.0,465000.0,347000.0,130.4288596,-0.20%,428637.29431000655,397962.6666666667
2019-06-01,428633.5317919075,395000.0,460000.0,350000.0,130.4288596,-0.20%,428637.29431000655,398333.3333333333
2019-07-01,429485.7193410616,400000.0,465000.0,350000.0,130.5592884,0.10%,428633.5317919075,398333.3333333333
2019-08-01,429485.7193410616,400000.0,465000.0,350000.0,130.5592884,0.10%,429485.7193410616,398333.3333333333
2019-09-01,428830.7647761194,400000.0,458222.0,351547.0,130.5592884,0.10%,429485.7193410616,400000.0
2019-10-01,430951.42618900555,400000.0,468000.0,350000.0,131.2120849,0.50%,428830.7647761194,400000.0
2019-11-01,430951.42618900555,400000.0,468000.0,350000.0,131.2120849,0.50%,430951.42618900555,400000.0
2019-12-01,434781.61547911545,405000.0,479722.0,351250.0,131.2120849,0.50%,430951.42618900555,401666.6666666667
2020-01-01,429071.5670232851,400000.0,470000.0,350000.0,131.2120849,0.00%,434781.61547911545,401666.6666666667
2020-02-01,429071.5670232851,400000.0,470000.0,350000.0,131.2120849,0.00%,429071.5670232851,401666.6666666667
2020-03-01,434621.3695652174,400000.0,470000.0,355000.0,131.2120849,0.00%,429071.5670232851,400000.0
2020-04-01,432926.0879676441,410000.0,475000.0,355000.0,131.6057211,0.30%,434621.3695652174,403333.3333333333
2020-05-01,432926.0879676441,410000.0,475000.0,355000.0,131.6057211,0.30%,432926.0879676441,406666.6666666667
2020-06-01,440978.6046511628,422000.0,472000.0,370000.0,131.6057211,0.30%,432926.0879676441,414000.0
2020-07-01,438876.0045144891,410000.0,475000.0,360000.0,133.5798069,1.50%,440978.6046511628,414000.0
2020-08-01,438876.0045144891,410000.0,475000.0,360000.0,133.5798069,1.50%,438876.0045144891,414000.0
2020-09-01,443731.2308829569,418000.0,480000.0,368000.0,133.5798069,1.50%,438876.0045144891,412666.6666666667
2020-10-01,462351.2327837051,430000.0,495000.0,375000.0,137.720781,3.10%,443731.2308829569,419333.3333333333
2020-11-01,462351.2327837051,430000.0,495000.0,375000.0,137.720781,3.10%,462351.2327837051,426000.0
2020-12-01,466569.8353909465,430000.0,505250.0,385666.0,137.720781,3.10%,462351.2327837051,430000.0
2021-01-01,474248.4744509804,444444.0,510000.0,400000.0,141.8524044,3.00%,466569.8353909465,434814.6666666667
2021-02-01,474248.4744509804,444444.0,510000.0,400000.0,141.8524044,3.00%,474248.4744509804,439629.3333333333
2021-03-01,482038.62827822124,448000.0,520000.0,400000.0,141.8524044,3.00%,474248.4744509804,445629.3333333333
2021-04-01,491498.71797323134,458000.0,532000.0,410000.0,146.1079765,3.00%,482038.62827822124,450148.0
2021-05-01,491498.71797323134,458000.0,532000.0,410000.0,146.1079765,3.00%,491498.71797323134,454666.6666666667
2021-06-01,512513.4742388759,470000.0,554750.0,420000.0,146.1079765,3.00%,491498.71797323134,462000.0
2021-07-01,502362.6452232357,468000.0,535000.0,421900.0,150.3451078,2.90%,512513.4742388759,465333.3333333333
2021-08-01,502362.6452232357,468000.0,535000.0,421900.0,150.3451078,2.90%,502362.6452232357,468666.6666666667
2021-09-01,511214.7610544218,475500.0,550000.0,432666.0,150.3451078,2.90%,502362.6452232357,470500.0
2021-10-01,520265.2871524449,485000.0,564472.0,435000.0,155.4568415,3.40%,511214.7610544218,476166.6666666667
2021-11-01,520265.2871524449,485000.0,564472.0,435000.0,155.4568415,3.40%,520265.2871524449,481833.3333333333
2021-12-01,521572.21369102685,488000.0,556888.0,444000.0,155.4568415,3.40%,520265.2871524449,486000.0
2022-01-01,525725.9537126326,490000.0,558000.0,448000.0,159.1878057,2.40%,521572.21369102685,487666.6666666667
2022-02-01,525725.9537126326,490000.0,558000.0,448000.0,159.1878057,2.40%,525725.9537126326,489333.3333333333
2022-03-01,528808.2788697788,485000.0,566500.0,440000.0,159.1878057,2.40%,525725.9537126326,488333.3333333333
2022-04-01,539414.5041482244,500000.0,580000.0,452000.0,163.6450643,2.80%,528808.2788697788,491666.6666666667
2022-05-01,539414.5041482244,500000.0,580000.0,452000.0,163.6450643,2.80%,539414.5041482244,495000.0
2022-06-01,550603.0525164114,510044.0,594250.0,460000.0,163.6450643,2.80%,539414.5041482244,503348.0
2022-07-01,554451.92724376,518000.0,583000.0,468000.0,167.8998359,2.60%,550603.0525164114,509348.0
2022-08-01,554451.92724376,518000.0,583000.0,468000.0,167.8998359,2.60%,554451.92724376,515348.0
2022-09-01,548009.3571428572,515000.0,575000.0,464000.0,167.8998359,2.60%,554451.92724376,517000.0
2022-10-01,563457.4159151193,527000.0,600000.0,475000.0,171.7615322,2.30%,548009.3571428572,520000.0
2022-11-01,563457.4159151193,527000.0,600000.0,475000.0,171.7615322,2.30%,563457.4159151193,523000.0
2022-12-01,560446.4777777778,530000.0,590000.0,478000.0,171.7615322,2.30%,563457.4159151193,528000.0
2023-01-01,566591.1429482842,530000.0,600000.0,480000.0,173.4791475,1.00%,560446.4777777778,529000.0
2023-02-01,566591.1429482842,530000.0,600000.0,480000.0,173.4791475,1.00%,566591.1429482842,530000.0
2023-03-01,563444.6467532468,535000.0,605000.0,480000.0,173.4791475,1.00%,566591.1429482842,531666.6666666666
2023-04-01,577684.8562362363,542000.0,620000.0,485000.0,176.0813347,1.50%,563444.6467532468,535666.6666666666
2023-05-01,577684.8562362363,542000.0,620000.0,485000.0,176.0813347,1.50%,577684.8562362363,539666.6666666666
2023-06-01,582004.5206692914,550000.0,620000.0,494750.0,176.0813347,1.50%,577684.8562362363,544666.6666666666
2023-07-01,581889.4737742303,545000.0,615000.0,495000.0,178.370392,1.30%,582004.5206692914,545666.6666666666
2023-08-01,581889.4737742303,545000.0,615000.0,495000.0,178.370392,1.30%,581889.4737742303,546666.6666666666
2023-09-01,597690.4625468164,559444.0,640000.0,500000.0,178.370392,1.30%,581889.4737742303,549814.6666666666
2023-10-01,591173.682835821,558000.0,630000.0,500000.0,180.3324664,1.10%,597690.4625468164,554148.0
2023-11-01,591173.682835821,558000.0,630000.0,500000.0,180.3324664,1.10%,591173.682835821,558481.3333333334
2023-12-01,593081.6613418531,560000.0,625000.0,509444.0,180.3324664,1.10%,591173.682835821,558666.6666666666
2024-01-01,597779.7387431965,565000.0,635000.0,508000.0,183.5784507,1.80%,593081.6613418531,561000.0
2024-02-01,597779.7387431965,565000.0,635000.0,508000.0,183.5784507,1.80%,597779.7387431965,563333.3333333334
2024-03-01,599263.957691454,570000.0,640000.0,505000.0,183.5784507,1.80%,597779.7387431965,566666.6666666666
2024-04-01,607477.3463157895,570000.0,650000.0,510000.0,187.8007551,2.30%,599263.957691454,568333.3333333334
2024-05-01,607477.3463157895,570000.0,650000.0,510000.0,187.8007551,2.30%,607477.3463157895,570000.0
2024-06-01,613105.3066666666,580000.0,650000.0,520000.0,187.8007551,2.30%,607477.3463157895,573333.3333333334
2024-07-01,637335.940272288,595000.0,685000.0,530000.0,192.8713755,2.70%,613105.3066666666,581666.6666666666
2024-08-01,637335.940272288,595000.0,685000.0,530000.0,192.8713755,2.70%,637335.940272288,590000.0
2024-09-01,628938.1326923077,595000.0,668888.0,532000.0,192.8713755,2.70%,637335.940272288,595000.0
2024-10-01,651089.7683863885,615000.0,700000.0,545000.0,197.6931599,2.50%,628938.1326923077,601666.6666666666
2024-11-01,651089.7683863885,615000.0,700000.0,545000.0,197.6931599,2.50%,651089.7683863885,608333.3333333334
2024-12-01,643589.9193548387,605004.0,684722.0,542916.0,197.6931599,2.50%,651089.7683863885,611668.0
